index,time_pos,lat,lon,alt,err_x,err_y,err_z,vx,vy,vz,speed_norm
0,15-15-58,48.6298188,7.7892485,143.44,50.905037417824346,1.4551172893726199,6.560000000000002,2.0,1.4551172893726199,1.0,2.473331018248694
3,15-15-59,48.6298188,7.7892487,143.44,50.905037417824346,1.4404191349582482,6.560000000000002,2.0,1.4404191349582482,1.0,2.464712414127431
6,15-15-59,48.6298188,7.7892488,143.44,50.905037417824346,1.433070057718426,6.560000000000002,2.0,1.433070057718426,1.0,2.4604247174683263
9,15-15-59,48.6298188,7.7892491,143.46,50.905037417824346,1.4110228260642321,6.539999999999992,2.0,1.4110228260642321,1.0,2.4476489567898194
12,15-15-59,48.6298189,7.7892493,143.48,50.893917925820034,1.3963246702662555,6.52000000000001,2.0,1.3963246702662555,1.0,2.4392053182940887
15,15-15-59,48.6298193,7.7892496,143.52,50.849439954642435,1.3742774331868721,6.47999999999999,2.0,1.3742774331868721,1.0,2.4266516979918435
18,15-15-59,48.6298198,7.7892502,143.58,50.79384249146053,1.3301829635066178,6.4199999999999875,2.0,1.3301829635066178,1.0,2.401954769849601
21,15-15-59,48.6298205,7.7892509,143.65,50.71600604268982,1.278739414598519,6.349999999999994,2.0,1.278739414598519,1.0,2.3738522469706833
24,15-15-59,48.6298214,7.7892519,143.73,50.615930609120404,1.2052486328856489,6.27000000000001,2.0,1.2052486328856489,1.0,2.335085494596017
27,15-15-59,48.6298226,7.7892531,143.82,50.48249669716778,1.1170596952582876,6.180000000000007,2.0,1.1170596952582876,1.0,2.2908125987890275
30,15-15-59,48.6298239,7.7892544,143.92000000000002,50.33794329242077,1.0215216818402482,6.079999999999984,2.0,1.0215216818402482,1.0,2.245775266243203
33,15-16-00,48.6298252,7.7892557,144.02,50.193389887673746,0.9259836708835699,5.97999999999999,2.0,0.9259836708835699,1.0,2.203961378686798
36,15-16-00,48.6298266,7.789257,144.13,50.03771699013234,0.8304456615653715,5.8700000000000045,2.0,0.8304456615653715,1.0,2.165557664162455
39,15-16-00,48.629828,7.7892583,144.24,49.882044092590924,0.7349076548978696,5.759999999999991,2.0,0.7349076548978696,1.0,2.1307485213481874
42,15-16-00,48.6298294,7.7892595,144.35,49.7263711958396,0.6467187273489803,5.650000000000006,2.0,0.6467187273489803,1.0,2.1019622052510565
45,15-16-00,48.6298308,7.7892606,144.45000000000002,49.570698298298176,0.5658788785475812,5.549999999999983,2.0,0.5658788785475812,1.0,2.078513628818986
48,15-16-00,48.6298323,7.7892617,144.56,49.40390590875245,0.4850390315737314,5.439999999999998,2.0,0.4850390315737314,1.0,2.057975427975267
51,15-16-00,48.6298337,7.7892628,144.66,49.24823301121103,0.40419918733822996,5.340000000000003,2.0,0.40419918733822996,1.0,2.040435488577104
54,15-16-00,48.6298352,7.7892638,144.76,49.08144062087522,0.33070842113603716,5.240000000000009,2.0,0.33070842113603716,1.0,2.0271576307259114
57,15-16-00,48.6298366,7.7892648,144.86,48.925767724123894,0.25721765730808627,5.139999999999986,2.0,0.25721765730808627,1.0,2.0164723958514927
60,15-16-01,48.6298382,7.7892659,144.97,48.74785584099367,0.17637781932793778,5.030000000000001,2.0,0.17637781932793778,1.0,2.0077622207698993
63,15-16-01,48.6298393,7.7892668,145.05,48.625541421835464,0.11023613587840897,4.949999999999989,2.0,0.11023613587840897,1.0,2.0030356975484493
66,15-16-01,48.6298408,7.7892677,145.15,48.458749032289724,0.04409445369597151,4.849999999999994,2.0,0.04409445369597151,1.0,2.000486021157545
69,15-16-01,48.6298422,7.7892687,145.25,48.303076134748316,-0.029396302077939123,4.75,2.0,-0.029396302077939123,1.0,2.0002160239773747
72,15-16-01,48.6298436,7.7892695,145.35,48.147403237206895,-0.08818890494514588,4.650000000000006,2.0,-0.08818890494514588,1.0,2.001943376560742
75,15-16-01,48.6298451,7.7892703,145.44,47.98061084766117,-0.14698150610078473,4.560000000000002,2.0,-0.14698150610078473,1.0,2.0053936180051175
78,15-16-01,48.6298467,7.7892709,145.54,47.802698964530954,-0.1910759548885976,4.460000000000008,2.0,-0.1910759548885976,1.0,2.009106771810943
81,15-16-01,48.6298484,7.7892715,145.65,47.61366758939643,-0.23517040204521228,4.349999999999994,2.0,-0.23517040204521228,1.0,2.013778815559968
84,15-16-01,48.6298501,7.789272,145.75,47.4246362142619,-0.27191577282102997,4.25,2.0,-0.27191577282102997,1.0,2.018399907726132
87,15-16-02,48.6298518,7.7892725,145.85,47.235604839127376,-0.3086611422936118,4.150000000000006,2.0,-0.3086611422936118,1.0,2.023677766039346
90,15-16-02,48.6298537,7.7892729,145.95000000000002,47.02433447840405,-0.3380574352106253,4.049999999999983,2.0,-0.3380574352106253,1.0,2.028369500239339
93,15-16-02,48.6298556,7.7892732,146.06,46.813064117680725,-0.36010465246075724,3.9399999999999977,2.0,-0.36010465246075724,1.0,2.0321602694482253
96,15-16-02,48.6298577,7.7892734,146.16,46.5795547713686,-0.3748027937163115,3.8400000000000034,2.0,-0.3748027937163115,1.0,2.0348162408870123
99,15-16-02,48.6298596,7.7892737,146.26,46.36828441064527,-0.3968500094007841,3.740000000000009,2.0,-0.3968500094007841,1.0,2.038992381045452
102,15-16-02,48.6298617,7.7892737,146.36,46.134775065123236,-0.39685000114284263,3.6399999999999864,2.0,-0.39685000114284263,1.0,2.038992379438205
105,15-16-02,48.6298637,7.7892736,146.46,45.91238521160551,-0.3895009193079923,3.539999999999992,2.0,-0.3895009193079923,1.0,2.0375747755951856
108,15-16-02,48.6298658,7.7892734,146.56,45.67887586608348,-0.37480276363380993,3.4399999999999977,2.0,-0.37480276363380993,1.0,2.034816235345969
111,15-16-02,48.6298677,7.7892731,146.67000000000002,45.467605505360154,-0.3527555356061177,3.329999999999984,2.0,-0.3527555356061177,1.0,2.0308708644078677
114,15-16-03,48.6298698,7.7892728,146.78,45.23409615904803,-0.3307083077531965,3.219999999999999,2.0,-0.3307083077531965,1.0,2.027157612228754
117,15-16-03,48.6298717,7.7892723,146.87,45.0228257983247,-0.2939629347196504,3.1299999999999955,2.0,-0.2939629347196504,1.0,2.021488116954683
120,15-16-03,48.6298736,7.7892719,146.97,44.81155543760138,-0.26456663625364985,3.030000000000001,2.0,-0.26456663625364985,1.0,2.017422986143107
123,15-16-03,48.6298755,7.7892715,147.07,44.60028507766814,-0.2351703388945337,2.930000000000007,2.0,-0.2351703388945337,1.0,2.0137788081851915
126,15-16-03,48.6298774,7.7892711,147.17000000000002,44.389014716944814,-0.20577404264230229,2.829999999999984,2.0,-0.20577404264230229,1.0,2.010557871991094
129,15-16-03,48.6298792,7.7892709,147.27,44.18886384901589,-0.1910758933545526,2.7299999999999898,2.0,-0.1910758933545526,1.0,2.0091067659587534
132,15-16-03,48.629881,7.7892707,147.37,43.98871298108696,-0.17637774459111671,2.6299999999999955,2.0,-0.17637774459111671,1.0,2.0077622142044236
135,15-16-03,48.6298827,7.7892706,147.47,43.79968160516235,-0.1690286690334669,2.530000000000001,2.0,-0.1690286690334669,1.0,2.007129963643417
138,15-16-03,48.6298846,7.7892704,147.59,43.58841124522911,-0.15433052102009098,2.4099999999999966,2.0,-0.15433052102009098,1.0,2.00594563977151
141,15-16-03,48.6298863,7.7892704,147.68,43.3993798693045,-0.15433051842036813,2.319999999999993,2.0,-0.15433051842036813,1.0,2.0059456395714963
144,15-16-04,48.6298881,7.7892703,147.79,43.19922900137557,-0.14698144347441766,2.210000000000008,2.0,-0.14698144347441766,1.0,2.005393613415038
147,15-16-04,48.6298899,7.7892703,147.9,42.999078133446645,-0.14698144085284834,2.0999999999999943,2.0,-0.14698144085284834,1.0,2.0053936132228953
150,15-16-04,48.6298918,7.7892701,148.01,42.78780777272332,-0.13228329430318178,1.990000000000009,2.0,-0.13228329430318178,1.0,2.004369943386625
153,15-16-04,48.6298934,7.78927,148.11,42.60989589038319,-0.12493422039857681,1.8899999999999864,2.0,-0.12493422039857681,1.0,2.0038983405918076
156,15-16-04,48.6298952,7.7892698,148.21,42.40974502245427,-0.1102360748177008,1.789999999999992,2.0,-0.1102360748177008,1.0,2.0030356941880028
159,15-16-04,48.6298969,7.7892696,148.31,42.22071364731974,-0.09553792992107928,1.6899999999999977,2.0,-0.09553792992107928,1.0,2.0022805737592333
162,15-16-04,48.6298986,7.7892694,148.41,42.031682272185215,-0.0808397855196431,1.5900000000000034,2.0,-0.0808397855196431,1.0,2.001633100976016
165,15-16-04,48.6299003,7.7892693,148.51,41.8426508962606,-0.07349071285300138,1.490000000000009,2.0,-0.07349071285300138,1.0,2.001349765752014
168,15-16-05,48.629902,7.7892691,148.6,41.653619521126075,-0.058792569318139525,1.4000000000000057,2.0,-0.058792569318139525,1.0,2.0008639549472194
171,15-16-05,48.6299038,7.789269,148.69,41.45346865319715,-0.05144349721950453,1.3100000000000023,2.0,-0.05144349721950453,1.0,2.000661498956326
174,15-16-05,48.6299057,7.7892688,148.78,41.24219829247382,-0.03674535449295993,1.2199999999999989,2.0,-0.03674535449295993,1.0,2.0003375267881203
177,15-16-05,48.6299073,7.7892686,148.87,41.0642864101337,-0.022047212320124195,1.1299999999999955,2.0,-0.022047212320124195,1.0,2.0001215162012254
180,15-16-05,48.6299092,7.7892683,148.96,40.85301604941037,0.0,1.039999999999992,2.0,0.0,1.0,2.0
183,15-16-05,48.6299109,7.789268,149.05,40.663984674275845,0.022047211533653282,0.9499999999999886,2.0,0.022047211533653282,0.9499999999999886,2.0001215161925563
186,15-16-05,48.6299127,7.7892677,149.14000000000001,40.46383380634692,0.04409442228083563,0.8599999999999852,2.0,0.04409442228083563,0.8599999999999852,2.000486020465097
189,15-16-05,48.6299146,7.7892675,149.24,40.25256344562359,0.05879256191247152,0.7599999999999909,2.0,0.05879256191247152,0.7599999999999909,2.0008639547296143
192,15-16-05,48.6299165,7.7892674,149.33,40.04129308490027,0.06614163093076211,0.6699999999999875,2.0,0.06614163093076211,0.6699999999999875,2.001093379965608
195,15-16-06,48.6299183,7.7892674,149.43,39.84114221697134,0.06614162975105567,0.5699999999999932,2.0,0.06614162975105567,0.5699999999999932,2.0010933799266155
198,15-16-06,48.6299202,7.7892674,149.53,39.62987185624802,0.06614162850580996,0.46999999999999886,2.0,0.06614162850580996,0.46999999999999886,2.001093379885457
201,15-16-06,48.6299221,7.7892674,149.64000000000001,39.41860149552469,0.06614162726056423,0.3599999999999852,2.0,0.06614162726056423,0.3599999999999852,2.001093379844298
204,15-16-06,48.6299239,7.7892673,149.74,39.21845062759577,0.07349069566715512,0.2599999999999909,2.0,0.07349069566715512,0.2599999999999909,2.00134976512094
207,15-16-06,48.6299257,7.7892673,149.84,39.01829975966684,0.07349069435637008,0.1599999999999966,2.0,0.07349069435637008,0.1599999999999966,2.0013497650728076
210,15-16-06,48.6299276,7.7892673,149.94,38.80702939894352,0.07349069297276366,0.060000000000002274,2.0,0.07349069297276366,0.060000000000002274,2.0013497650220007
213,15-16-06,48.6299295,7.7892674,150.03,38.59575903822019,0.06614162241065964,-0.030000000000001137,2.0,0.06614162241065964,-0.030000000000001137,2.0010933796839954
216,15-16-06,48.6299312,7.7892675,150.11,38.40672766308567,0.05879255224179113,-0.11000000000001364,2.0,0.05879255224179113,-0.11000000000001364,2.000863954445455
219,15-16-06,48.6299332,7.7892677,150.20000000000002,38.184337809567936,0.04409441332380483,-0.20000000000001705,2.0,0.04409441332380483,-0.20000000000001705,2.0004860202676675
222,15-16-07,48.6299351,7.7892679,150.27,37.973067449634705,0.02939627501751824,-0.27000000000001023,2.0,0.02939627501751824,-0.27000000000001023,2.0002160235796795
225,15-16-07,48.6299372,7.789268,150.35,37.73955810332257,0.02204720578804567,-0.3499999999999943,2.0,0.02204720578804567,-0.3499999999999943,2.0001215161292225
228,15-16-07,48.629939,7.7892681,150.4,37.539407235393654,0.014698136908115802,-0.4000000000000057,2.0,0.014698136908115802,-0.4000000000000057,2.000054008077924
231,15-16-07,48.6299409,7.789268,150.46,37.32813687467033,0.022047204979728157,-0.46000000000000796,2.0,0.022047204979728157,-0.46000000000000796,2.0001215161203127
234,15-16-07,48.6299427,7.7892679,150.5,37.1279860067414,0.029396272803747753,-0.5,2.0,0.029396272803747753,-0.5,2.0002160235471447
237,15-16-07,48.6299446,7.7892679,150.53,36.916715646018076,0.02939627225030511,-0.5300000000000011,2.0,0.02939627225030511,-0.5300000000000011,2.000216023539011
240,15-16-07,48.6299466,7.789268,150.55,36.69432579329044,0.022047203734482216,-0.5500000000000114,2.0,0.022047203734482216,-0.5500000000000114,2.0001215161065864
243,15-16-07,48.6299484,7.7892679,150.56,36.494174924571425,0.029396271143419802,-0.5600000000000023,2.0,0.029396271143419802,-0.5600000000000023,2.0002160235227437
246,15-16-07,48.6299503,7.7892678,150.56,36.28290456463819,0.036745338188516795,-0.5600000000000023,2.0,0.036745338188516795,-0.5600000000000023,2.0003375264886145
249,15-16-08,48.629952,7.7892677,150.54,36.09387318871357,0.04409440510955097,-0.539999999999992,2.0,0.04409440510955097,-0.539999999999992,2.00048602008661
252,15-16-08,48.6299538,7.7892675,150.51,35.89372232078465,0.05879253907568209,-0.5099999999999909,2.0,0.05879253907568209,-0.5099999999999909,2.0008639540585875
255,15-16-08,48.6299556,7.7892674,150.48,35.69357145285572,0.06614160530491289,-0.47999999999998977,2.0,0.06614160530491289,-0.47999999999998977,2.0010933791186036
258,15-16-08,48.6299573,7.7892673,150.44,35.504540077721195,0.07349067134480801,-0.4399999999999977,2.0,0.07349067134480801,-0.4399999999999977,2.00134976422781
261,15-16-08,48.6299591,7.7892673,150.4,35.30438920979227,0.07349067003402265,-0.4000000000000057,2.0,0.07349067003402265,-0.4000000000000057,2.001349764179677
264,15-16-08,48.6299609,7.7892673,150.35,35.10423834186334,0.07349066872323728,-0.3499999999999943,2.0,0.07349066872323728,-0.3499999999999943,2.0013497641315445
267,15-16-08,48.6299626,7.7892674,150.3,34.91520696672882,0.06614160071716413,-0.30000000000001137,2.0,0.06614160071716413,-0.30000000000001137,2.001093378966966
270,15-16-08,48.6299643,7.7892675,150.24,34.72617559159429,0.05879253295868376,-0.2400000000000091,2.0,0.05879253295868376,-0.2400000000000091,2.000863953878848
273,15-16-09,48.629966,7.7892675,150.17000000000002,34.53714421566968,0.05879253196831256,-0.17000000000001592,2.0,0.05879253196831256,-0.17000000000001592,2.0008639538497475
276,15-16-09,48.6299677,7.7892676,150.1,34.34811284053515,0.051443464646494186,-0.09999999999999432,2.0,0.051443464646494186,-0.09999999999999432,2.0006614981187685
279,15-16-09,48.6299695,7.7892678,150.02,34.147961972606225,0.03674533119766151,-0.020000000000010232,2.0,0.03674533119766151,-0.020000000000010232,2.0003375263601955
282,15-16-09,48.6299712,7.789268,149.95000000000002,33.95893059747169,0.022047198360262255,0.04999999999998295,2.0,0.022047198360262255,0.04999999999998295,2.0001215160473467
285,15-16-09,48.6299731,7.7892679,149.89000000000001,33.747660236748374,0.029396263948664517,0.10999999999998522,2.0,0.029396263948664517,0.10999999999998522,2.0002160234170057
288,15-16-09,48.6299749,7.7892679,149.83,33.54750936881945,0.02939626342435031,0.1699999999999875,2.0,0.02939626342435031,0.1699999999999875,2.0002160234093003
291,15-16-09,48.6299763,7.7892679,149.76,33.39183647127803,0.029396263016550364,0.2400000000000091,2.0,0.029396263016550364,0.2400000000000091,2.000216023403307
294,15-16-09,48.629978,7.789268,149.71,33.2028050961435,0.022047196874705337,0.28999999999999204,2.0,0.022047196874705337,0.28999999999999204,2.0001215160309718
297,15-16-09,48.6299797,7.7892681,149.66,33.01377372100898,0.014698130980453123,0.3400000000000034,2.0,0.014698130980453123,0.3400000000000034,2.0000540080343625
300,15-16-10,48.6299814,7.7892683,149.61,32.82474234587445,0.0,0.38999999999998636,2.0,0.0,0.38999999999998636,2.0
303,15-16-10,48.629983,7.7892686,149.56,32.64683046274424,-0.022047195782384024,0.4399999999999977,2.0,-0.022047195782384024,0.4399999999999977,2.000121516018931
306,15-16-10,48.6299846,7.7892688,149.52,32.46891858040411,-0.036745325764917194,0.47999999999998977,2.0,-0.036745325764917194,0.47999999999998977,2.0003375262603984
309,15-16-10,48.6299862,7.789269,149.49,32.29100669806398,-0.051443455216120454,0.5099999999999909,2.0,-0.051443455216120454,0.5099999999999909,2.0006614978762833
312,15-16-10,48.6299879,7.7892691,149.47,32.10197532213937,-0.058792519275272806,0.5300000000000011,2.0,-0.058792519275272806,0.5300000000000011,2.000863953476781
315,15-16-10,48.6299897,7.7892691,149.46,31.901824454210445,-0.058792518226644275,0.539999999999992,2.0,-0.058792518226644275,0.539999999999992,2.0008639534459682
318,15-16-10,48.6299916,7.7892691,149.45000000000002,31.690554094277203,-0.058792517119758594,0.549999999999983,2.0,-0.058792517119758594,0.549999999999983,2.000863953413444
321,15-16-10,48.6299934,7.7892691,149.46,31.49040322634828,-0.05879251607113005,0.539999999999992,2.0,-0.05879251607113005,0.539999999999992,2.000863953382632
324,15-16-11,48.6299953,7.789269,149.47,31.279132865624952,-0.051443450577395584,0.5300000000000011,2.0,-0.051443450577395584,0.5300000000000011,2.0006614977570067
327,15-16-11,48.6299971,7.789269,149.49,31.07898199769603,-0.05144344965984557,0.5099999999999909,2.0,-0.05144344965984557,0.5099999999999909,2.0006614977334136
330,15-16-11,48.6299993,7.789269,149.52,30.8343531585895,-0.051443448538395525,0.47999999999998977,2.0,-0.051443448538395525,0.47999999999998977,2.000661497704577
333,15-16-11,48.630001,7.789269,149.55,30.64532178345498,-0.0514434476718205,0.44999999999998863,2.0,-0.0514434476718205,0.44999999999998863,2.000661497682295
336,15-16-11,48.6300029,7.789269,149.58,30.434051422731656,-0.051443446703295446,0.4199999999999875,2.0,-0.051443446703295446,0.4199999999999875,2.000661497657391
339,15-16-11,48.6300048,7.789269,149.62,30.222781062008327,-0.051443445734770374,0.37999999999999545,2.0,-0.051443445734770374,0.37999999999999545,2.0006614976324872
342,15-16-11,48.6300067,7.789269,149.66,30.011510701285005,-0.05144344476624528,0.3400000000000034,2.0,-0.05144344476624528,0.3400000000000034,2.000661497607583
345,15-16-11,48.6300086,7.789269,149.69,29.800240341351763,-0.05144344379772019,0.3100000000000023,2.0,-0.05144344379772019,0.3100000000000023,2.0006614975826795
348,15-16-11,48.6300105,7.7892691,149.74,29.58896998062844,-0.058792506109158024,0.2599999999999909,2.0,-0.058792506109158024,0.2599999999999909,2.0008639530899135
351,15-16-12,48.6300123,7.789269,149.79,29.38881911269951,-0.05144344191164495,0.21000000000000796,2.0,-0.05144344191164495,0.21000000000000796,2.0006614975341823
354,15-16-12,48.6300144,7.789269,149.84,29.15530976638739,-0.0514434408411698,0.1599999999999966,2.0,-0.0514434408411698,0.1599999999999966,2.000661497506657
357,15-16-12,48.6300163,7.7892689,149.89000000000001,28.94403940566406,-0.04409437701504604,0.10999999999998522,2.0,-0.04409437701504604,0.10999999999998522,2.0004860194673557
360,15-16-12,48.6300186,7.7892689,149.95000000000002,28.68829107455323,-0.044094376010110146,0.04999999999998295,2.0,-0.044094376010110146,0.04999999999998295,2.000486019445205
363,15-16-12,48.6300205,7.7892689,150.01,28.477020713829905,-0.044094375179945695,-0.009999999999990905,2.0,-0.044094375179945695,-0.009999999999990905,2.0004860194269067
366,15-16-12,48.6300224,7.7892688,150.06,28.26575035310658,-0.03674531200166622,-0.060000000000002274,2.0,-0.03674531200166622,-0.060000000000002274,2.0003375260075735
369,15-16-12,48.6300244,7.7892687,150.12,28.043360499588854,-0.02939624900570686,-0.12000000000000455,2.0,-0.02939624900570686,-0.12000000000000455,2.000216023197396
372,15-16-12,48.6300261,7.7892686,150.18,27.854329124454328,-0.022047186366572574,-0.18000000000000682,2.0,-0.022047186366572574,-0.18000000000000682,2.0001215159151413
375,15-16-13,48.6300278,7.7892687,150.23,27.6652977493198,-0.029396248015335198,-0.22999999999998977,2.0,-0.029396248015335198,-0.22999999999998977,2.000216023182841
378,15-16-13,48.6300294,7.7892687,150.28,27.487385866979672,-0.02939624754927793,-0.28000000000000114,2.0,-0.02939624754927793,-0.28000000000000114,2.0002160231759913
381,15-16-13,48.630031,7.7892687,150.33,27.30947398384946,-0.029396247083220656,-0.3300000000000125,2.0,-0.029396247083220656,-0.3300000000000125,2.000216023169142
384,15-16-13,48.6300326,7.7892688,150.39000000000001,27.13156210150933,-0.03674530828777242,-0.3900000000000148,2.0,-0.03674530828777242,-0.3900000000000148,2.0003375259393508
387,15-16-13,48.6300342,7.7892689,150.44,26.95365021916921,-0.04409436919402275,-0.4399999999999977,2.0,-0.04409436919402275,-0.4399999999999977,2.000486019294966
390,15-16-13,48.6300359,7.789269,150.5,26.76461884324459,-0.051443429881542206,-0.5,2.0,-0.051443429881542206,-0.5,2.0006614972248498
393,15-16-13,48.6300376,7.789269,150.54,26.57558746811007,-0.051443429014966915,-0.539999999999992,2.0,-0.051443429014966915,-0.539999999999992,2.000661497202567
396,15-16-13,48.6300393,7.789269,150.59,26.38655609297554,-0.051443428148391625,-0.5900000000000034,2.0,-0.051443428148391625,-0.5900000000000034,2.000661497180285
399,15-16-14,48.6300408,7.7892691,150.63,26.219763702639725,-0.058792488457239486,-0.6299999999999955,2.0,-0.058792488457239486,-0.6299999999999955,2.0008639525712373
402,15-16-14,48.6300425,7.7892692,150.67000000000002,26.030732327505195,-0.06614154835127158,-0.6700000000000159,2.0,-0.06614154835127158,-0.6700000000000159,2.001093377236131
405,15-16-14,48.6300442,7.7892692,150.70000000000002,25.84170095237067,-0.06614154723710329,-0.700000000000017,2.0,-0.06614154723710329,-0.700000000000017,2.0010933771993047
408,15-16-14,48.6300459,7.7892693,150.73,25.652669577236143,-0.0734906068250187,-0.7299999999999898,2.0,-0.0734906068250187,-0.7299999999999898,2.0013497618586085
411,15-16-14,48.6300478,7.7892692,150.74,25.44139921651282,-0.06614154487768807,-0.7400000000000091,2.0,-0.06614154487768807,-0.7400000000000091,2.0010933771213195
414,15-16-14,48.6300497,7.7892692,150.75,25.23012885578949,-0.06614154363244114,-0.75,2.0,-0.06614154363244114,-0.75,2.001093377080161
417,15-16-14,48.6300514,7.7892692,150.75,25.04109748065497,-0.06614154251827278,-0.75,2.0,-0.06614154251827278,-0.75,2.0010933770433343
420,15-16-14,48.6300533,7.7892692,150.75,24.82982711993164,-0.06614154127302581,-0.75,2.0,-0.06614154127302581,-0.75,2.0010933770021757
423,15-16-15,48.6300551,7.7892691,150.74,24.629676252002717,-0.058792480126464625,-0.7400000000000091,2.0,-0.058792480126464625,-0.7400000000000091,2.0008639523264495
426,15-16-15,48.630057,7.7892691,150.73,24.418405891279388,-0.05879247901957838,-0.7299999999999898,2.0,-0.05879247901957838,-0.7299999999999898,2.0008639522939253
429,15-16-15,48.6300587,7.7892691,150.72,24.229374516144862,-0.05879247802920646,-0.7199999999999989,2.0,-0.05879247802920646,-0.7199999999999989,2.0008639522648246
432,15-16-15,48.6300605,7.7892691,150.70000000000002,24.029223648215936,-0.05879247698057738,-0.700000000000017,2.0,-0.05879247698057738,-0.700000000000017,2.0008639522340124
435,15-16-15,48.6300623,7.7892691,150.67000000000002,23.82907278028701,-0.058792475931948265,-0.6700000000000159,2.0,-0.058792475931948265,-0.6700000000000159,2.0008639522031997
438,15-16-15,48.6300641,7.7892691,150.64000000000001,23.628921912358084,-0.05879247488331914,-0.6400000000000148,2.0,-0.05879247488331914,-0.6400000000000148,2.0008639521723874
441,15-16-15,48.6300658,7.7892691,150.6,23.439890537223558,-0.05879247389294717,-0.5999999999999943,2.0,-0.05879247389294717,-0.5999999999999943,2.0008639521432867
444,15-16-15,48.6300677,7.789269,150.56,23.228620176500236,-0.05144341367148505,-0.5600000000000023,2.0,-0.05144341367148505,-0.5600000000000023,2.000661496808037
447,15-16-16,48.6300695,7.789269,150.51,23.02846930857131,-0.05144341275393452,-0.5099999999999909,2.0,-0.05144341275393452,-0.5099999999999909,2.000661496784444
450,15-16-16,48.6300713,7.7892689,150.46,22.828318440642384,-0.04409435298396549,-0.46000000000000796,2.0,-0.04409435298396549,-0.46000000000000796,2.0004860189376665
453,15-16-16,48.6300729,7.789269,150.42000000000002,22.65040655751217,-0.0514434110207835,-0.4200000000000159,2.0,-0.0514434110207835,-0.4200000000000159,2.000661496739879
456,15-16-16,48.6300746,7.7892691,150.37,22.461375182377644,-0.0587924687663156,-0.37000000000000455,2.0,-0.0587924687663156,-0.37000000000000455,2.000863951992648
459,15-16-16,48.6300762,7.789269,150.32,22.283463300037514,-0.05144340933860746,-0.3199999999999932,2.0,-0.05144340933860746,-0.3199999999999932,2.000661496696625
462,15-16-16,48.6300778,7.7892688,150.27,22.1055514169073,-0.036745291830121846,-0.27000000000001023,2.0,-0.036745291830121846,-0.27000000000001023,2.0003375256370313
465,15-16-16,48.6300798,7.7892688,150.21,21.883161564179666,-0.03674529110190709,-0.21000000000000796,2.0,-0.03674529110190709,-0.21000000000000796,2.0003375256236544
468,15-16-16,48.6300816,7.7892687,150.15,21.68301069625074,-0.02939623234415649,-0.15000000000000568,2.0,-0.02939623234415649,-0.15000000000000568,2.0002160229525288
471,15-16-17,48.6300835,7.7892685,150.09,21.471740335527414,-0.014698115927993,-0.09000000000000341,2.0,-0.014698115927993,-0.09000000000000341,2.0000540079237443
474,15-16-17,48.6300854,7.7892683,150.03,21.26046997480409,0.0,-0.030000000000001137,2.0,0.0,-0.030000000000001137,2.0
477,15-16-17,48.6300872,7.7892682,149.96,21.060319106875163,0.007349057629284282,0.03999999999999204,2.0,0.007349057629284282,0.03999999999999204,2.000013502116433
480,15-16-17,48.630089,7.789268,149.9,20.860168238946237,0.022047172625162335,0.09999999999999432,2.0,0.022047172625162335,0.09999999999999432,2.000121515763671
483,15-16-17,48.6300907,7.7892678,149.83,20.67113686381171,0.036745287067863716,0.1699999999999875,2.0,0.036745287067863716,0.1699999999999875,2.0003375255495506
486,15-16-17,48.6300926,7.7892676,149.75,20.459866503088385,0.051443400978701675,0.25,2.0,0.051443400978701675,0.25,2.000661496481665
489,15-16-17,48.6300944,7.7892673,149.67000000000002,20.25971563515946,0.07349057150660529,0.3299999999999841,2.0,0.07349057150660529,0.3299999999999841,2.0013497605616983
492,15-16-17,48.6300962,7.789267,149.58,20.059564767230533,0.09553774124803686,0.4199999999999875,2.0,0.09553774124803686,0.4199999999999875,2.002280564756792
495,15-16-18,48.6300981,7.7892666,149.49,19.848294406507208,0.12493396692201207,0.5099999999999909,2.0,0.12493396692201207,0.5099999999999909,2.003898324788678
498,15-16-18,48.6300999,7.7892663,149.4,19.64814353857828,0.14698113493757436,0.5999999999999943,2.0,0.14698113493757436,0.5999999999999943,2.005393590801451
501,15-16-18,48.6301015,7.789266,149.33,19.470231655448064,0.16902830256691617,0.6699999999999875,2.0,0.16902830256691617,0.6699999999999875,2.007129932781795
504,15-16-18,48.6301032,7.7892659,149.26,19.281200280313538,0.17637735618373643,0.7400000000000091,2.0,0.17637735618373643,0.7400000000000091,2.0077621800836782
507,15-16-18,48.6301051,7.789266,149.18,19.069929919590212,0.1690282965372968,0.8199999999999932,2.0,0.1690282965372968,0.8199999999999932,2.007129932274017
510,15-16-18,48.6301068,7.789266,149.11,18.880898544455686,0.16902829368997652,0.8899999999999864,2.0,0.16902829368997652,0.8899999999999864,2.007129932034233
513,15-16-18,48.6301087,7.789266,149.05,18.66962818373236,0.16902829050767731,0.9499999999999886,2.0,0.16902829050767731,0.9499999999999886,2.007129931766239
516,15-16-18,48.6301106,7.789266,148.99,18.458357823009038,0.1690282873253781,1.009999999999991,2.0,0.1690282873253781,1.0,2.007129931498245
519,15-16-19,48.6301124,7.7892659,148.94,18.258206955080112,0.176377340104751,1.0600000000000023,2.0,0.176377340104751,1.0,2.007762178671176
522,15-16-19,48.6301144,7.7892659,148.89000000000001,18.035817102352475,0.17637733660931923,1.1099999999999852,2.0,0.17637733660931923,1.0,2.00776217836411
525,15-16-19,48.6301161,7.7892659,148.84,17.84678572642786,0.17637733363820216,1.1599999999999966,2.0,0.17637733363820216,1.0,2.0077621781031043
528,15-16-19,48.630118,7.7892659,148.8,17.635515365704535,0.17637733031754188,1.1999999999999886,2.0,0.17637733031754188,1.0,2.007762177811392
531,15-16-19,48.6301198,7.7892659,148.76,17.43536449777561,0.17637732717165316,1.240000000000009,2.0,0.17637732717165316,1.0,2.007762177535033
534,15-16-19,48.6301217,7.7892659,148.73,17.22409413784237,0.17637732385099283,1.2700000000000102,2.0,0.17637732385099283,1.0,2.0077621772433205
537,15-16-19,48.6301235,7.7892659,148.70000000000002,17.023943269123357,0.17637732070510403,1.299999999999983,2.0,0.17637732070510403,1.0,2.007762176966961
540,15-16-19,48.6301253,7.7892659,148.67000000000002,16.82379240119443,0.17637731755921512,1.329999999999984,2.0,0.17637731755921512,1.0,2.007762176690602
543,15-16-20,48.6301271,7.789266,148.64000000000001,16.623641533265506,0.16902825968961946,1.3599999999999852,2.0,0.16902825968961946,1.0,2.00712992917093
546,15-16-20,48.630129,7.789266,148.61,16.412371173332268,0.16902825650731979,1.3899999999999864,2.0,0.16902825650731979,1.0,2.007129928902936
549,15-16-20,48.6301308,7.789266,148.59,16.212220304613254,0.1690282534925095,1.4099999999999966,2.0,0.1690282534925095,1.0,2.007129928649047
552,15-16-20,48.6301327,7.789266,148.57,16.000949944680016,0.16902825031020974,1.4300000000000068,2.0,0.16902825031020974,1.0,2.007129928381053
555,15-16-20,48.6301346,7.789266,148.57,15.789679583956692,0.1690282471279099,1.4300000000000068,2.0,0.1690282471279099,1.0,2.0071299281130592
558,15-16-20,48.6301364,7.789266,148.57,15.589528716027766,0.16902824411309947,1.4300000000000068,2.0,0.16902824411309947,1.0,2.0071299278591703
561,15-16-20,48.6301383,7.789266,148.58,15.378258355304443,0.16902824093079954,1.4199999999999875,2.0,0.16902824093079954,1.0,2.0071299275911763
564,15-16-21,48.6301401,7.7892661,148.58,15.178107487375517,0.1616791840736891,1.4199999999999875,2.0,0.1616791840736891,1.0,2.0065243976993488
567,15-16-21,48.6301418,7.7892662,148.6,14.989076112240989,0.15433012763166126,1.4000000000000057,2.0,0.15433012763166126,1.0,2.005945609505603
570,15-16-21,48.6301436,7.7892662,148.62,14.788925244312065,0.15433012487900816,1.3799999999999955,2.0,0.15433012487900816,1.0,2.005945609293824
573,15-16-21,48.6301453,7.7892663,148.64000000000001,14.59989386838745,0.14698106881565207,1.3599999999999852,2.0,0.14698106881565207,1.0,2.0053935859551837
576,15-16-21,48.6301471,7.7892663,148.67000000000002,14.399743000458525,0.1469810661940776,1.329999999999984,2.0,0.1469810661940776,1.0,2.005393585763041
579,15-16-21,48.6301488,7.7892663,148.69,14.210711625323999,0.14698106371814615,1.3100000000000023,2.0,0.14698106371814615,1.0,2.005393585581573
582,15-16-21,48.6301506,7.7892662,148.71,14.010560757395073,0.15433011417424555,1.289999999999992,2.0,0.15433011417424555,1.0,2.0059456084702387
585,15-16-21,48.6301524,7.7892662,148.74,13.810409889466147,0.15433011142159225,1.259999999999991,2.0,0.15433011142159225,1.0,2.0059456082584597
588,15-16-22,48.6301543,7.7892662,148.78,13.599139528742821,0.1543301085160137,1.2199999999999989,2.0,0.1543301085160137,1.0,2.005945608034915
591,15-16-22,48.6301562,7.7892664,148.83,13.387869168019495,0.13963200033596077,1.1699999999999875,2.0,0.13963200033596077,1.0,2.0048683486747505
594,15-16-22,48.6301581,7.7892666,148.89000000000001,13.17659880729617,0.12493389264407863,1.1099999999999852,2.0,0.12493389264407863,1.0,2.0038983201577873
597,15-16-22,48.6301598,7.7892668,148.97,12.987567432161644,0.11023578578937727,1.0300000000000011,2.0,0.11023578578937727,1.0,2.0030356782814933
600,15-16-22,48.6301617,7.789267,149.06,12.776297071438318,0.09553767924052628,0.9399999999999977,2.0,0.09553767924052628,0.9399999999999977,2.0022805617981376
603,15-16-22,48.6301631,7.7892671,149.14000000000001,12.62062417468699,0.08818862574776953,0.8599999999999852,2.0,0.08818862574776953,0.8599999999999852,2.0019433642616566
606,15-16-22,48.6301647,7.7892673,149.22,12.442712291556775,0.07349052031308781,0.7800000000000011,2.0,0.07349052031308781,0.7800000000000011,2.0013497586818474
609,15-16-22,48.6301662,7.7892675,149.31,12.275919902011049,0.05879241533744835,0.6899999999999977,2.0,0.05879241533744835,0.6899999999999977,2.0008639504227195
612,15-16-23,48.6301678,7.7892677,149.4,12.098008018880833,0.044094310820317784,0.5999999999999943,2.0,0.044094310820317784,0.5999999999999943,2.0004860180083037
615,15-16-23,48.6301695,7.7892678,149.49,11.908976643746307,0.036745258376190956,0.5099999999999909,2.0,0.036745258376190956,0.5099999999999909,2.000337525022498
618,15-16-23,48.6301713,7.789268,149.59,11.708825775817381,0.022047154645532866,0.4099999999999966,2.0,0.022047154645532866,0.4099999999999966,2.000121515565483
621,15-16-23,48.6301732,7.7892683,149.68,11.497555415094055,0.0,0.3199999999999932,2.0,0.0,0.3199999999999932,2.0
624,15-16-23,48.6301751,7.7892686,149.77,11.28628505437073,-0.02204715381536744,0.22999999999998977,2.0,-0.02204715381536744,0.22999999999998977,2.000121515556332
627,15-16-23,48.6301769,7.7892688,149.87,11.086134186441804,-0.03674525574706708,0.12999999999999545,2.0,-0.03674525574706708,0.12999999999999545,2.0003375249742024
630,15-16-23,48.6301787,7.789269,149.97,10.885983318512878,-0.051443357089179007,0.030000000000001137,2.0,-0.051443357089179007,0.030000000000001137,2.0006614953531257
633,15-16-24,48.6301806,7.7892692,150.08,10.674712957789554,-0.06614145784143652,-0.0800000000000125,2.0,-0.06614145784143652,-0.0800000000000125,2.001093374244538
636,15-16-24,48.6301824,7.7892694,150.18,10.474562089860628,-0.08083955818562673,-0.18000000000000682,2.0,-0.08083955818562673,-0.18000000000000682,2.001633091794709
639,15-16-24,48.6301841,7.7892697,150.28,10.2855307147261,-0.1028867086730501,-0.28000000000000114,2.0,-0.1028867086730501,-0.28000000000000114,2.002644670135362
642,15-16-24,48.6301859,7.78927,150.37,10.085379846797176,-0.12493385829389721,-0.37000000000000455,2.0,-0.12493385829389721,-0.37000000000000455,2.003898318016211
645,15-16-24,48.6301877,7.7892703,150.48,9.88522897886825,-0.14698100712827167,-0.47999999999998977,2.0,-0.14698100712827167,-0.47999999999998977,2.005393581433939
648,15-16-24,48.6301896,7.7892707,150.6,9.673958618144924,-0.17637720524631847,-0.5999999999999943,2.0,-0.17637720524631847,-0.5999999999999943,2.007762166824174
651,15-16-24,48.6301914,7.7892711,150.70000000000002,9.473807750215999,-0.20577340239610542,-0.700000000000017,2.0,-0.20577340239610542,-0.700000000000017,2.0105578064640843
654,15-16-24,48.6301933,7.7892715,150.81,9.262537389492673,-0.2351695983295059,-0.8100000000000023,2.0,-0.2351695983295059,-0.8100000000000023,2.0137787217016823
657,15-16-25,48.6301952,7.7892719,150.92000000000002,9.051267028769349,-0.264565793156019,-0.9200000000000159,2.0,-0.264565793156019,-0.9200000000000159,2.0174228755787107
660,15-16-25,48.6301971,7.7892723,151.03,8.83999666883611,-0.2939619868756445,-1.0300000000000011,2.0,-0.2939619868756445,-1.0,2.0214879791203004
663,15-16-25,48.6301991,7.7892725,151.15,8.617606815318386,-0.30866008007630813,-1.1500000000000057,2.0,-0.30866008007630813,-1.0,2.023677604025086
666,15-16-25,48.6302011,7.7892728,151.26,8.39521696180066,-0.33070722209458603,-1.259999999999991,2.0,-0.33070722209458603,-1.0,2.0271574351158614
669,15-16-25,48.6302032,7.7892729,151.38,8.161707616278624,-0.33805626446021153,-1.3799999999999955,2.0,-0.33805626446021153,-1.0,2.0283693051169926
672,15-16-25,48.6302051,7.7892731,151.49,7.9504372555553005,-0.3527543562481369,-1.490000000000009,2.0,-0.3527543562481369,-1.0,2.0308706595576287
675,15-16-25,48.6302071,7.7892733,151.6,7.728047402037575,-0.36745244711851055,-1.5999999999999943,2.0,-0.36745244711851055,-1.0,2.0334751783322513
678,15-16-26,48.6302089,7.7892735,151.71,7.527896534108649,-0.3821505382289286,-1.710000000000008,2.0,-0.3821505382289286,-1.0,2.036182465760046
681,15-16-26,48.6302107,7.7892736,151.82,7.327745666179723,-0.3894995800486589,-1.8199999999999932,2.0,-0.3894995800486589,-1.0,2.0375745195840276
684,15-16-26,48.6302125,7.7892738,151.92000000000002,7.127594798250797,-0.4041976702415251,-1.920000000000016,2.0,-0.4041976702415251,-1.0,2.0404351880490292
687,15-16-26,48.6302143,7.789274,152.03,6.927443930321871,-0.4188957598448035,-2.030000000000001,2.0,-0.4188957598448035,-1.0,2.0433975769820116
690,15-16-26,48.630267,7.7892779,153.67000000000002,1.0674712956209378,-0.7055082797614128,-3.670000000000016,1.0674712956209378,-0.7055082797614128,-1.0,1.2795455833171991
693,15-16-26,48.6302688,7.7892779,153.62,0.8673204276920119,-0.7055082671778434,-3.6200000000000045,0.8673204276920119,-0.7055082671778434,-1.0,1.118028013668771
696,15-16-26,48.6302703,7.7892778,153.56,0.7005280381462842,-0.6981592123306011,-3.5600000000000023,0.7005280381462842,-0.6981592123306011,-1.0,0.9890226579766346
699,15-16-26,48.630272,7.7892777,153.48,0.5114966630117577,-0.6908101563980502,-3.4799999999999898,0.5114966630117577,-0.6908101563980502,-1.0,0.8595623935787687
702,15-16-27,48.6302736,7.7892775,153.41,0.33358477988154306,-0.6761120572044372,-3.4099999999999966,0.33358477988154306,-0.6761120572044372,-1.0,0.7539272639093467
705,15-16-27,48.6302754,7.7892772,153.32,0.13343391195261722,-0.654064913241822,-3.319999999999993,0.13343391195261722,-0.654064913241822,-1.0,0.6675369050419692
708,15-16-27,48.6302772,7.7892769,153.24,-0.06671695597630861,-0.6320177700656798,-3.240000000000009,-0.06671695597630861,-0.6320177700656798,-1.0,0.6355293965612757
711,15-16-27,48.6302791,7.7892765,153.14000000000001,-0.27798731669963384,-0.6026215833514867,-3.140000000000015,-0.27798731669963384,-0.6026215833514867,-1.0,0.6636487933891807
714,15-16-27,48.6302811,7.789276,153.03,-0.5003771694272708,-0.5658763536669845,-3.030000000000001,-0.5003771694272708,-0.5658763536669845,-1.0,0.755376303125462
717,15-16-27,48.6302832,7.7892754,152.91,-0.7338865157393948,-0.5217820814930623,-2.9099999999999966,-0.7338865157393948,-0.5217820814930623,-1.0,0.9004698543268074
720,15-16-27,48.6302854,7.7892751,152.78,-0.9785153540558305,-0.4997349403996169,-2.780000000000001,-0.9785153540558305,-0.4997349403996169,-1.0,1.0987389629840274
723,15-16-28,48.6302868,7.7892748,152.69,-1.1341882515972463,-0.4776878040541389,-2.6899999999999977,-1.1341882515972463,-0.4776878040541389,-1.0,1.2306781172196424
726,15-16-28,48.6302887,7.7892745,152.57,-1.3454586123205716,-0.45564066606289294,-2.569999999999993,-1.3454586123205716,-0.45564066606289294,-1.0,1.420516558874917
729,15-16-28,48.6302905,7.7892742,152.45000000000002,-1.5456094802494975,-0.43359352933146034,-2.450000000000017,-1.5456094802494975,-0.43359352933146034,-1.0,1.605276304601558
732,15-16-28,48.6302924,7.7892738,152.33,-1.7568798409728228,-0.40419735022712255,-2.3300000000000125,-1.7568798409728228,-0.40419735022712255,-1.0,1.8027762683004562
735,15-16-28,48.6302944,7.7892733,152.21,-1.9792696937004597,-0.3674521292523486,-2.210000000000008,-1.9792696937004597,-0.3674521292523486,-1.0,2.013089562759987
738,15-16-28,48.6302962,7.7892728,152.1,-2.1794205616293856,-0.3307069104546734,-2.0999999999999943,-2.0,-0.3307069104546734,-1.0,2.027157384275448
741,15-16-28,48.6302981,7.7892721,151.99,-2.390690922352711,-0.2792636080035119,-1.990000000000009,-2.0,-0.2792636080035119,-1.0,2.0194029223399523
744,15-16-28,48.6302999,7.7892714,151.88,-2.5908417902816367,-0.22782030771515185,-1.8799999999999955,-2.0,-0.22782030771515185,-1.0,2.012933702983639
747,15-16-29,48.6303017,7.7892707,151.78,-2.790992658210562,-0.17637700932716863,-1.7800000000000011,-2.0,-0.17637700932716863,-1.0,2.007762149613145
750,15-16-29,48.6303037,7.7892698,151.65,-3.013382511728287,-0.11023562860403698,-1.6500000000000057,-2.0,-0.11023562860403698,-1.0,2.0030356696309046
753,15-16-29,48.6303052,7.7892692,151.56,-3.1801749020641026,-0.06614137617933055,-1.5600000000000023,-2.0,-0.06614137617933055,-1.0,2.00109337154539
756,15-16-29,48.6303066,7.7892684,151.45000000000002,-3.3358477988154305,-0.007349041717510686,-1.450000000000017,-2.0,-0.007349041717510686,-1.0,2.000013502057965
759,15-16-29,48.630308,7.7892677,151.34,-3.491520696356847,0.04409424956281744,-1.3400000000000034,-2.0,0.04409424956281744,-1.0,2.000486016658079
762,15-16-29,48.6303092,7.7892669,151.25,-3.624954608309464,0.1028865810680802,-1.25,-2.0,0.1028865810680802,-1.0,2.0026446635796074
765,15-16-29,48.6303103,7.7892661,151.15,-3.747269027467682,0.1616789114006483,-1.1500000000000057,-2.0,0.1616789114006483,-1.0,2.006524375728264
768,15-16-30,48.6303111,7.7892652,151.06,-3.8362249690327888,0.22782028243149138,-1.0600000000000023,-2.0,0.22782028243149138,-1.0,2.0129337001220793
771,15-16-30,48.6303118,7.7892643,150.97,-3.914061417803497,0.2939616527049898,-0.9699999999999989,-2.0,0.2939616527049898,-0.9699999999999989,2.021487930525693
774,15-16-30,48.6303124,7.7892633,150.87,-3.9807783737798057,0.3674520637129072,-0.8700000000000045,-2.0,0.3674520637129072,-0.8700000000000045,2.0334751090502374
777,15-16-30,48.630313,7.7892624,150.79,-4.0474953297561145,0.433593432595513,-0.789999999999992,-2.0,0.433593432595513,-0.789999999999992,2.046461156433212
780,15-16-30,48.6303134,7.7892613,150.69,-4.091973300143624,0.5144328841266667,-0.6899999999999977,-2.0,0.5144328841266667,-0.6899999999999977,2.0651007704881814
783,15-16-30,48.6303137,7.7892606,150.63,-4.125331778526823,0.5658761708049361,-0.6299999999999955,-2.0,0.5658761708049361,-0.6299999999999955,2.0785128916330677
786,15-16-30,48.6303139,7.7892597,150.54,-4.147570763325533,0.6320175402261549,-0.539999999999992,-2.0,0.6320175402261549,-0.539999999999992,2.097485678414401
789,15-16-31,48.6303139,7.7892588,150.44,-4.147570763325533,0.6981589107035538,-0.4399999999999977,-2.0,0.6981589107035538,-0.4399999999999977,2.1183545181566688
792,15-16-31,48.6303138,7.7892581,150.35,-4.136451271321222,0.7496021996171797,-0.3499999999999943,-2.0,0.7496021996171797,-0.3499999999999943,2.1358612917675424
795,15-16-31,48.6303134,7.7892574,150.26,-4.091973300143624,0.8010454909487498,-0.2599999999999909,-2.0,0.8010454909487498,-0.2599999999999909,2.1544544271275092
798,15-16-31,48.630313,7.7892567,150.17000000000002,-4.0474953297561145,0.8524887827533937,-0.17000000000001592,-2.0,0.8524887827533937,-0.17000000000001592,2.1741060518568
801,15-16-31,48.6303124,7.7892561,150.08,-3.9807783737798057,0.8965830354621044,-0.0800000000000125,-2.0,0.8965830354621044,-0.0800000000000125,2.19177123338145
804,15-16-31,48.6303116,7.7892555,149.98,-3.891822432214698,0.9406772905593641,0.020000000000010232,-2.0,0.9406772905593641,0.020000000000010232,2.210175053015961
807,15-16-31,48.6303107,7.789255,149.89000000000001,-3.791746998645279,0.977422505977851,0.10999999999998522,-2.0,0.977422505977851,0.10999999999998522,2.2260626125947183
810,15-16-31,48.6303094,7.7892545,149.78,-3.6471935938982627,1.014167726006212,0.21999999999999886,-2.0,1.014167726006212,0.21999999999999886,2.2424397821285216
813,15-16-32,48.6303083,7.7892541,149.71,-3.5248791747400445,1.0435639033701152,0.28999999999999204,-2.0,1.0435639033701152,0.28999999999999204,2.2558868811217176
816,15-16-32,48.6303069,7.7892537,149.63,-3.369206277198629,1.0729600845644343,0.37000000000000455,-2.0,1.0729600845644343,0.37000000000000455,2.269635068258445
819,15-16-32,48.6303054,7.7892533,149.54,-3.2024138868628134,1.1023562676014067,0.46000000000000796,-2.0,1.1023562676014067,0.46000000000000796,2.283678904907628
822,15-16-32,48.6303038,7.7892528,149.47,-3.0245020045226862,1.1391014946203741,0.5300000000000011,-2.0,1.1391014946203741,0.5300000000000011,2.3016412003277944
825,15-16-32,48.6303021,7.7892525,149.38,-2.8354706293881597,1.1611486398792175,0.6200000000000045,-2.0,1.1611486398792175,0.6200000000000045,2.3126318695143326
828,15-16-32,48.6303002,7.7892523,149.29,-2.624200268664835,1.1758467460421271,0.710000000000008,-2.0,1.1758467460421271,0.710000000000008,2.3200464586248826
831,15-16-32,48.6302984,7.7892521,149.19,-2.4240494007359086,1.1905448516440433,0.8100000000000023,-2.0,1.1905448516440433,0.8100000000000023,2.3275302455126416
834,15-16-33,48.6302966,7.7892519,149.1,-2.2238985328069827,1.205242957705002,0.9000000000000057,-2.0,1.205242957705002,0.9000000000000057,2.3350825653705485
837,15-16-33,48.6302948,7.7892518,149.0,-2.0237476648780572,1.212592021778743,1.0,-2.0,1.212592021778743,1.0,2.3388842235735954
840,15-16-33,48.6302927,7.7892517,148.88,-1.7902383185659334,1.2199410896758844,1.1200000000000045,-1.7902383185659334,1.2199410896758844,1.0,2.1663816606363167
843,15-16-33,48.6302915,7.7892516,148.81,-1.656804406613316,1.2272901469990634,1.1899999999999977,-1.656804406613316,1.2272901469990634,1.0,2.0618540071242397
846,15-16-33,48.6302898,7.7892514,148.71,-1.4677730314787896,1.241988253489668,1.289999999999992,-1.4677730314787896,1.241988253489668,1.0,1.9227304787054142
849,15-16-33,48.6302881,7.7892514,148.61,-1.278741656344263,1.2419882744113118,1.3899999999999864,-1.278741656344263,1.2419882744113118,1.0,1.782614680026297
852,15-16-33,48.6302863,7.7892514,148.5,-1.0785907884153372,1.2419882965636404,1.5,-1.0785907884153372,1.2419882965636404,1.0,1.6449598832966936
855,15-16-34,48.6302845,7.7892514,148.39000000000001,-0.8784399204864114,1.2419883187159684,1.6099999999999852,-0.8784399204864114,1.2419883187159684,1.0,1.5212467510996008
858,15-16-34,48.6302827,7.7892515,148.28,-0.6782890525574855,1.2346392974756222,1.7199999999999989,-0.6782890525574855,1.2346392974756222,1.0,1.4086909645803898
861,15-16-34,48.630281,7.7892517,148.17000000000002,-0.48925767663287156,1.2199412311099809,1.829999999999984,-0.48925767663287156,1.2199412311099809,1.0,1.314393275053677
864,15-16-34,48.6302792,7.7892519,148.05,-0.2891068087039457,1.2052431655086995,1.9499999999999886,-0.2891068087039457,1.2052431655086995,1.0,1.2394328682282112
867,15-16-34,48.6302774,7.7892522,147.94,-0.08895594077501984,1.1831960555392007,2.0600000000000023,-0.08895594077501984,1.1831960555392007,1.0,1.1865353198462707
870,15-16-34,48.6302753,7.7892527,147.82,0.14455340474701658,1.1464508603065913,2.180000000000007,0.14455340474701658,1.1464508603065913,1.0,1.155528131168462
873,15-16-34,48.6302737,7.789253,147.74,0.32246528787723117,1.1244037461428356,2.259999999999991,0.32246528787723117,1.1244037461428356,1.0,1.1697297321286604
876,15-16-35,48.630272,7.7892535,147.65,0.5114966630117577,1.087658544028586,2.3499999999999943,0.5114966630117577,1.087658544028586,1.0,1.2019275954359925
879,15-16-35,48.6302701,7.7892541,147.58,0.722767023735083,1.0435642983835673,2.4199999999999875,0.722767023735083,1.0435642983835673,1.0,1.2694166437618726
882,15-16-35,48.6302682,7.7892548,147.51,0.9340373836683206,0.9921210065643566,2.490000000000009,0.9340373836683206,0.9921210065643566,1.0,1.3626187749169736
885,15-16-35,48.6302664,7.7892555,147.45000000000002,1.134188252387334,0.9406777118759752,2.549999999999983,1.134188252387334,0.9406777118759752,1.0,1.4735187645475216
888,15-16-35,48.6302646,7.7892562,147.42000000000002,1.3343391203162598,0.8892344154177623,2.579999999999984,1.3343391203162598,0.8892344154177623,1.0,1.603495785329584
891,15-16-35,48.6302628,7.789257,147.38,1.5344899882451857,0.8304420721520765,2.6200000000000045,1.5344899882451857,0.8304420721520765,1.0,1.7447904055286827
894,15-16-35,48.6302613,7.7892579,147.38,1.7012823777909132,0.7643006795441931,2.6200000000000045,1.7012823777909132,0.7643006795441931,1.0,1.8650783516339517
897,15-16-36,48.6302597,7.7892589,147.37,1.8791942601310405,0.6908102405290887,2.6299999999999955,1.8791942601310405,0.6908102405290887,1.0,2.002146312268238
900,15-16-36,48.6302577,7.78926,147.37,2.101584113648765,0.6099707564172852,2.6299999999999955,2.0,0.6099707564172852,1.0,2.090948187709173
903,15-16-36,48.6302562,7.7892608,147.37,2.2683765039845807,0.5511784025123663,2.6299999999999955,2.0,0.5511784025123663,1.0,2.074559623485448
906,15-16-36,48.6302544,7.7892619,147.37,2.468527371913506,0.4703389118975954,2.6299999999999955,2.0,0.4703389118975954,1.0,2.054560462007632
909,15-16-36,48.6302527,7.7892629,147.37,2.6575587470480326,0.3968484635904575,2.6299999999999955,2.0,0.3968484635904575,1.0,2.038992080184253
912,15-16-36,48.6302509,7.789264,147.38,2.8577096149769585,0.31600896735412787,2.6200000000000045,2.0,0.31600896735412787,1.0,2.0248115140546346
915,15-16-36,48.6302491,7.7892652,147.39000000000001,3.0578604829058844,0.22782042239458442,2.609999999999985,2.0,0.22782042239458442,1.0,2.0129337159628595
918,15-16-37,48.6302473,7.7892664,147.4,3.2580113508348103,0.13963187428914917,2.5999999999999943,2.0,0.13963187428914917,1.0,2.0048683398960394
921,15-16-37,48.6302454,7.7892677,147.41,3.4692817115581356,0.04409427691460535,2.5900000000000034,2.0,0.04409427691460535,1.0,2.000486017260961
924,15-16-37,48.6302436,7.789269,147.43,3.6694325794870615,-0.051443324006348885,2.569999999999993,2.0,-0.051443324006348885,1.0,2.0006614945024612
927,15-16-37,48.6302417,7.7892703,147.45000000000002,3.8807029402103863,-0.14698092848099564,2.549999999999983,2.0,-0.14698092848099564,1.0,2.005393575669658
930,15-16-37,48.6302396,7.7892718,147.5,4.114212285732423,-0.25721663016149116,2.5,2.0,-0.25721663016149116,1.0,2.0164722648307447
933,15-16-37,48.6302381,7.7892729,147.53,4.281004676068238,-0.3380561475524868,2.469999999999999,2.0,-0.3380561475524868,1.0,2.02836928563268
936,15-16-37,48.6302361,7.7892743,147.56,4.503394529585963,-0.44094280984576034,2.4399999999999977,2.0,-0.44094280984576034,1.0,2.048030898583973
939,15-16-38,48.6302342,7.7892757,147.6,4.7146648903092885,-0.5438294757434343,2.4000000000000057,2.0,-0.5438294757434343,1.0,2.072619236301588
942,15-16-38,48.630232,7.7892773,147.64000000000001,4.959293728625724,-0.6614142416724332,2.359999999999985,2.0,-0.6614142416724332,1.0,2.1065300375468468
945,15-16-38,48.6302298,7.7892788,147.69,5.203922566942159,-0.7716499654178619,2.3100000000000023,2.0,-0.7716499654178619,1.0,2.1436985956820953
948,15-16-38,48.6302276,7.7892803,147.74,5.448551406048683,-0.8818856939695133,2.259999999999991,2.0,-0.8818856939695133,1.0,2.1858001686403288
951,15-16-38,48.6302255,7.7892818,147.8,5.682060751570719,-0.9921214264095687,2.1999999999999886,2.0,-0.9921214264095687,1.0,2.232555693536212
954,15-16-38,48.6302234,7.7892835,147.85,5.915570097882843,-1.117055258859369,2.1500000000000057,2.0,-1.117055258859369,1.0,2.290810435489015
957,15-16-38,48.6302214,7.7892853,147.93,6.13795995061048,-1.2493381432651256,2.069999999999993,2.0,-1.2493381432651256,1.0,2.3581445664371707
960,15-16-39,48.6302225,7.7893304,151.51,6.015645531452262,-4.563758696967813,-1.509999999999991,2.0,-2.0,-1.0,2.8284271247461903
963,15-16-39,48.6302241,7.7893311,151.61,5.837733649112136,-4.615201958558806,-1.6100000000000136,2.0,-2.0,-1.0,2.8284271247461903
966,15-16-39,48.6302256,7.7893317,151.71,5.6709412587763195,-4.659296175526706,-1.710000000000008,2.0,-2.0,-1.0,2.8284271247461903
969,15-16-39,48.6302271,7.7893322,151.82,5.504148869230591,-4.696041343676991,-1.8199999999999932,2.0,-2.0,-1.0,2.8284271247461903
972,15-16-39,48.6302286,7.7893326,151.91,5.337356478894777,-4.7254374634026295,-1.9099999999999966,2.0,-2.0,-1.0,2.8284271247461903
975,15-16-39,48.6302302,7.7893329,152.01,5.15944459655465,-4.747484530261775,-2.009999999999991,2.0,-2.0,-1.0,2.8284271247461903
978,15-16-39,48.6302318,7.7893331,152.11,4.981532714214523,-4.7621825493225405,-2.1100000000000136,2.0,-2.0,-1.0,2.8284271247461903
981,15-16-40,48.6302336,7.7893331,152.21,4.781381846285597,-4.7621824643834705,-2.210000000000008,2.0,-2.0,-1.0,2.8284271247461903
984,15-16-40,48.6302355,7.789333,152.31,4.570111485562271,-4.754833327830436,-2.3100000000000023,2.0,-2.0,-1.0,2.8284271247461903
987,15-16-40,48.6302373,7.7893328,152.41,4.369960617633345,-4.740135149559623,-2.4099999999999966,2.0,-2.0,-1.0,2.8284271247461903
990,15-16-40,48.6302395,7.7893326,152.53,4.125331778526823,-4.725436953018144,-2.530000000000001,2.0,-2.0,-1.0,2.8284271247461903
993,15-16-40,48.6302411,7.7893324,152.62,3.947419896186695,-4.71073878518994,-2.6200000000000045,2.0,-2.0,-1.0,2.8284271247461903
996,15-16-40,48.630243,7.7893321,152.74,3.7361495354633703,-4.6886915575189345,-2.740000000000009,2.0,-2.0,-1.0,2.8284271247461903
999,15-16-40,48.6302449,7.7893319,152.86,3.5248791747400445,-4.673993376823425,-2.8600000000000136,2.0,-2.0,-1.0,2.8284271247461903
1002,15-16-41,48.6302468,7.7893315,152.97,3.3136088140167197,-4.64459710466742,-2.969999999999999,2.0,-2.0,-1.0,2.8284271247461903
1005,15-16-41,48.6302487,7.789331,153.09,3.102338453293394,-4.607851787619148,-3.0900000000000034,2.0,-2.0,-1.0,2.8284271247461903
1008,15-16-41,48.6302505,7.7893304,153.21,2.9021875853644685,-4.563757430746457,-3.210000000000008,2.0,-2.0,-1.0,2.8284271247461903
1011,15-16-41,48.6302524,7.7893298,153.33,2.6909172246411432,-4.519663070968184,-3.3300000000000125,2.0,-2.0,-1.0,2.8284271247461903
1014,15-16-41,48.6302543,7.7893291,153.43,2.4796468647079055,-4.468219667324163,-3.430000000000007,2.0,-2.0,-1.0,2.8284271247461903
1017,15-16-41,48.6302561,7.7893283,153.53,2.2794959967789796,-4.409427224664042,-3.530000000000001,2.0,-2.0,-1.0,2.8284271247461903
1020,15-16-41,48.6302583,7.7893272,153.65,2.0348671576724566,-4.328587631152652,-3.6500000000000057,2.0,-2.0,-1.0,2.8284271247461903
1023,15-16-42,48.63026,7.7893264,153.74,1.84583578253793,-4.26979519754425,-3.740000000000009,1.84583578253793,-2.0,-1.0,2.721600583498139
1026,15-16-42,48.6302619,7.7893254,153.84,1.6345654218146046,-4.196304667625971,-3.8400000000000034,1.6345654218146046,-2.0,-1.0,2.582983569090589
1029,15-16-42,48.630264,7.7893241,153.93,1.4010560762925683,-4.100766997910469,-3.930000000000007,1.4010560762925683,-2.0,-1.0,2.4419168963984683
1032,15-16-42,48.6302659,7.7893226,154.0,1.189785715569243,-3.9905312508111517,-4.0,1.189785715569243,-2.0,-1.0,2.3271420345506666
1035,15-16-42,48.6302678,7.7893208,154.07,0.978515354845918,-3.8582483742336966,-4.069999999999993,0.978515354845918,-2.0,-1.0,2.226542678609425
1038,15-16-42,48.6302696,7.7893189,154.12,0.7783644869169921,-3.7186164619826543,-4.1200000000000045,0.7783644869169921,-2.0,-1.0,2.146124710843606
1041,15-16-42,48.6302712,7.7893169,154.16,0.6004526037867776,-3.5716355175753063,-4.159999999999997,0.6004526037867776,-2.0,-1.0,2.0881914015229355
1044,15-16-43,48.6302727,7.7893147,154.19,0.4336602142410497,-3.4099564928497004,-4.189999999999998,0.4336602142410497,-2.0,-1.0,2.0464753068179427
1047,15-16-43,48.6302742,7.7893124,154.19,0.26686782390523445,-3.240928428853388,-4.189999999999998,0.26686782390523445,-2.0,-1.0,2.01772605559722
1050,15-16-43,48.630276,7.7893095,154.18,0.06671695597630861,-3.0278060972053735,-4.180000000000007,0.06671695597630861,-2.0,-1.0,2.001112478651499
1053,15-16-43,48.6302773,7.7893074,154.16,-0.07783644877070797,-2.8734761377841878,-4.159999999999997,-0.07783644877070797,-2.0,-1.0,2.0015140550985984
1056,15-16-43,48.6302788,7.7893048,154.11,-0.24462883831643578,-2.682400958305781,-4.110000000000014,-0.24462883831643578,-2.0,-1.0,2.0149052753258774
1059,15-16-43,48.6302804,7.7893021,154.05,-0.42254072065656295,-2.4839767384133684,-4.050000000000011,-0.42254072065656295,-2.0,-1.0,2.0441479057575473
1062,15-16-44,48.6302819,7.7892994,153.98,-0.5893331109923782,-2.2855525271427655,-3.9799999999999898,-0.5893331109923782,-2.0,-1.0,2.085021226681387
1065,15-16-44,48.6302834,7.7892967,153.89000000000001,-0.7561255013281935,-2.087128321770711,-3.890000000000015,-0.7561255013281935,-2.0,-1.0,2.1381594360006955
1068,15-16-44,48.6302848,7.7892939,153.78,-0.911798398079522,-1.8813550807984245,-3.780000000000001,-0.911798398079522,-1.8813550807984245,-1.0,2.0906633537675137
1071,15-16-44,48.6302862,7.7892913,153.67000000000002,-1.0674712956209378,-1.6902799320067663,-3.670000000000016,-1.0674712956209378,-1.6902799320067663,-1.0,1.9991351168741551
1074,15-16-44,48.6302876,7.7892889,153.55,-1.2231441931623537,-1.5139028745882166,-3.5500000000000114,-1.2231441931623537,-1.5139028745882166,-1.0,1.9462742948909464
1077,15-16-44,48.630289,7.7892862,153.42000000000002,-1.3788170899136822,-1.3154786931963105,-3.420000000000016,-1.3788170899136822,-1.3154786931963105,-1.0,1.9056811799699098
1080,15-16-44,48.6302906,7.7892833,153.26,-1.556728973043897,-1.1023564293306276,-3.259999999999991,-1.556728973043897,-1.1023564293306276,-1.0,1.9075101029354673
1083,15-16-44,48.6302919,7.7892809,153.14000000000001,-1.7012823777909132,-0.9259793886756084,-3.140000000000015,-1.7012823777909132,-0.9259793886756084,-1.0,1.9369562610533975
1086,15-16-45,48.6302936,7.7892778,153.0,-1.89031375292544,-0.6981590511400128,-3.0,-1.89031375292544,-0.6981590511400128,-1.0,2.015120876073637
1089,15-16-45,48.6302953,7.7892747,152.87,-2.0793451280599666,-0.4703387212798131,-2.8700000000000045,-2.0,-0.4703387212798131,-1.0,2.054560418370589
1092,15-16-45,48.6302971,7.7892716,152.75,-2.2794959959888925,-0.2425183988546984,-2.75,-2.0,-0.2425183988546984,-1.0,2.014650136818561
1095,15-16-45,48.6302989,7.7892685,152.63,-2.479646863917818,-0.014698084556474032,-2.6299999999999955,-2.0,-0.014698084556474032,-1.0,2.0000540076931994
1098,15-16-45,48.6303007,7.7892655,152.52,-2.679797731846744,0.2057731795329744,-2.5200000000000102,-2.0,0.2057731795329744,-1.0,2.0105577836548516
1101,15-16-45,48.6303028,7.7892622,152.42000000000002,-2.913307078158868,0.44829156040801976,-2.420000000000016,-2.0,0.44829156040801976,-1.0,2.049625654389859
1104,15-16-45,48.6303047,7.7892592,152.33,-3.1245774388821927,0.668762806991422,-2.3300000000000125,-2.0,0.668762806991422,-1.0,2.108848902130033
1107,15-16-46,48.6303065,7.7892563,152.25,-3.3247283068111186,0.8818850044947827,-2.25,-2.0,0.8818850044947827,-1.0,2.185799890464075
1110,15-16-46,48.6303088,7.7892525,152.14000000000001,-3.580476637921954,1.161148562790269,-2.140000000000015,-2.0,1.161148562790269,-1.0,2.3126318308087663
1113,15-16-46,48.6303103,7.7892501,152.08,-3.747269027467682,1.3375255397630659,-2.0800000000000125,-2.0,1.3375255397630659,-1.0,2.406028796485711
1116,15-16-46,48.6303121,7.789247,151.99,-3.9474198953966075,1.5653457961460018,-1.990000000000009,-2.0,1.5653457961460018,-1.0,2.5397455505447706
1119,15-16-46,48.6303141,7.7892439,151.92000000000002,-4.169809748914332,1.7931660407830792,-1.920000000000016,-2.0,1.7931660407830792,-1.0,2.6861579346378095
1122,15-16-46,48.630316,7.7892407,151.85,-4.381080109637658,2.028335319425859,-1.8499999999999943,-2.0,2.0,-1.0,2.8284271247461903
1125,15-16-46,48.6303178,7.7892377,151.78,-4.581230977566584,2.248806509652618,-1.7800000000000011,-2.0,2.0,-1.0,2.8284271247461903
1128,15-16-47,48.6303195,7.7892347,151.70000000000002,-4.77026235270111,2.4692776945267214,-1.700000000000017,-2.0,2.0,-1.0,2.8284271247461903
1131,15-16-47,48.6303212,7.7892317,151.61,-4.959293727835636,2.6897488719077485,-1.6100000000000136,-2.0,2.0,-1.0,2.8284271247461903
1134,15-16-47,48.6303228,7.7892287,151.51,-5.137205610965851,2.9102200448099773,-1.509999999999991,-2.0,2.0,-1.0,2.8284271247461903
1137,15-16-47,48.6303242,7.7892259,151.4,-5.292878507717179,3.1159931360540334,-1.4000000000000057,-2.0,2.0,-1.0,2.8284271247461903
1140,15-16-47,48.6303257,7.7892224,151.27,-5.459670898052995,3.373209500453117,-1.2700000000000102,-2.0,2.0,-1.0,2.8284271247461903
1143,15-16-47,48.6303266,7.78922,151.18,-5.559746331622414,3.549586436114211,-1.1800000000000068,-2.0,2.0,-1.0,2.8284271247461903
1146,15-16-47,48.6303275,7.7892171,151.08,-5.6598217659819205,3.7627085695418345,-1.0800000000000125,-2.0,2.0,-1.0,2.8284271247461903
1149,15-16-48,48.6303283,7.7892142,150.97,-5.748777707547028,3.9758307031078184,-0.9699999999999989,-2.0,2.0,-0.9699999999999989,2.8284271247461903
1152,15-16-48,48.6303289,7.7892114,150.86,-5.815494663523337,4.1816038015029555,-0.8600000000000136,-2.0,2.0,-0.8600000000000136,2.8284271247461903
1155,15-16-48,48.6303293,7.7892088,150.77,-5.859972633910846,4.372678826082537,-0.7700000000000102,-2.0,2.0,-0.7700000000000102,2.8284271247461903
1158,15-16-48,48.6303295,7.7892061,150.68,-5.882211619499645,4.5711028981765,-0.6800000000000068,-2.0,2.0,-0.6800000000000068,2.8284271247461903
1161,15-16-48,48.6303296,7.7892035,150.59,-5.893331112294044,4.762177934232769,-0.5900000000000034,-2.0,2.0,-0.5900000000000034,2.8284271247461903
1164,15-16-48,48.6303298,7.7892007,150.5,-5.915570097092756,4.967951044993016,-0.5,-2.0,2.0,-0.5,2.8284271247461903
1167,15-16-48,48.6303298,7.7891982,150.41,-5.915570097092756,5.151677045172068,-0.4099999999999966,-2.0,2.0,-0.4099999999999966,2.8284271247461903
1170,15-16-49,48.6303297,7.7891951,150.29,-5.904450604298356,5.379497290784687,-0.28999999999999204,-2.0,2.0,-0.28999999999999204,2.8284271247461903
1173,15-16-49,48.6303295,7.789193,150.21,-5.882211619499645,5.533827142036676,-0.21000000000000796,-2.0,2.0,-0.21000000000000796,2.8284271247461903
1176,15-16-49,48.6303292,7.7891906,150.11,-5.8488531411164475,5.710204119686713,-0.11000000000001364,-2.0,2.0,-0.11000000000001364,2.8284271247461903
1179,15-16-49,48.6303287,7.7891881,150.01,-5.793255677934537,5.89393015022483,-0.009999999999990905,-2.0,2.0,-0.009999999999990905,2.8284271247461903
1182,15-16-49,48.6303284,7.7891858,149.91,-5.759897200341427,6.062958090213522,0.09000000000000341,-2.0,2.0,0.09000000000000341,2.8284271247461903
1185,15-16-49,48.6303278,7.7891835,149.81,-5.693180244365118,6.231986049798242,0.18999999999999773,-2.0,2.0,0.18999999999999773,2.8284271247461903
1188,15-16-49,48.6303271,7.7891812,149.71,-5.615343795594411,6.401014017735601,0.28999999999999204,-2.0,2.0,0.28999999999999204,2.8284271247461903
1191,15-16-50,48.6303262,7.7891788,149.61,-5.515268361234903,6.5773910412632555,0.38999999999998636,-2.0,2.0,0.38999999999998636,2.8284271247461903
1194,15-16-50,48.6303254,7.7891765,149.52,-5.426312419669797,6.746419020961305,0.47999999999998977,-2.0,2.0,0.47999999999998977,2.8284271247461903
1197,15-16-50,48.6303244,7.7891744,149.42000000000002,-5.315117493305978,6.900748936201645,0.5799999999999841,-2.0,2.0,0.5799999999999841,2.8284271247461903
1200,15-16-50,48.6302647,7.7892085,145.66,1.3232196275218604,4.394728759367232,4.340000000000003,1.3232196275218604,2.0,1.0,2.3981055403503597
1203,15-16-50,48.6302627,7.7892113,145.56,1.5456094802494975,4.188955589446695,4.439999999999998,1.5456094802494975,2.0,1.0,2.527629060095077
1206,15-16-50,48.6302607,7.7892141,145.46,1.7679993337672222,3.98318241137014,4.539999999999992,1.7679993337672222,2.0,1.0,2.6694234666312013
1209,15-16-50,48.6302588,7.789217,145.36,1.9792696944905475,3.7700601761961554,4.639999999999986,1.9792696944905475,2.0,1.0,2.8138067672689795
1212,15-16-51,48.630257,7.7892198,145.28,2.179420562419473,3.5642869748021297,4.719999999999999,2.0,2.0,1.0,2.8284271247461903
1215,15-16-51,48.6302553,7.7892227,145.23,2.3684519375539996,3.3511647172864842,4.77000000000001,2.0,2.0,1.0,2.8284271247461903
1218,15-16-51,48.6302535,7.7892256,145.18,2.5686028054829255,3.1380424557001114,4.819999999999993,2.0,2.0,1.0,2.8284271247461903
1221,15-16-51,48.6302519,7.7892286,145.15,2.74651468861314,2.9175711350137172,4.849999999999994,2.0,2.0,1.0,2.8284271247461903
1224,15-16-51,48.6302502,7.7892314,145.13,2.9355460637476662,2.7117979016582994,4.8700000000000045,2.0,2.0,1.0,2.8284271247461903
1227,15-16-51,48.6302485,7.789234,145.12,3.1245774388821927,2.520722753201885,4.8799999999999955,2.0,2.0,1.0,2.8284271247461903
1230,15-16-51,48.6302464,7.7892372,145.11,3.358086785194317,2.2855533311294143,4.889999999999986,2.0,2.0,1.0,2.8284271247461903
1233,15-16-52,48.6302451,7.7892393,145.1,3.5026401891512458,2.1312233908460074,4.900000000000006,2.0,2.0,1.0,2.8284271247461903
1236,15-16-52,48.6302433,7.7892421,145.08,3.7027910578702596,1.9254501322870423,4.9199999999999875,2.0,1.9254501322870423,1.0,2.7762129262583928
1239,15-16-52,48.6302415,7.7892449,145.07,3.9029419257991846,1.7196768663876623,4.930000000000007,2.0,1.7196768663876623,1.0,2.6376672505812575
1242,15-16-52,48.6302398,7.7892477,145.07,4.091973300933712,1.5139035916477437,4.930000000000007,2.0,1.5139035916477437,1.0,2.5083668162379955
1245,15-16-52,48.6302379,7.7892504,145.07,4.303243661657037,1.3154793592227403,4.930000000000007,2.0,1.3154793592227403,1.0,2.3938433416873943
1248,15-16-53,48.6302361,7.7892532,145.07,4.503394529585963,1.1097060714331968,4.930000000000007,2.0,1.1097060714331968,1.0,2.287235791293871
1251,15-16-53,48.6302343,7.789256,145.09,4.703545397514889,0.9039327763032389,4.909999999999997,2.0,0.9039327763032389,1.0,2.1947880225833387
1254,15-16-53,48.6302325,7.7892587,145.11,4.9036962654438145,0.705508520881185,4.889999999999986,2.0,0.705508520881185,1.0,2.120788125446754
1257,15-16-53,48.6302308,7.7892614,145.14000000000001,5.092727640578341,0.5070842579436787,4.859999999999985,2.0,0.5070842579436787,1.0,2.0632824442267452
1260,15-16-53,48.6302286,7.7892649,145.18,5.337356478894777,0.24986761080019873,4.819999999999993,2.0,0.24986761080019873,1.0,2.0155480204964107
1263,15-16-53,48.6302272,7.7892671,145.22,5.493029376436192,0.08818856973344026,4.780000000000001,2.0,0.08818856973344026,1.0,2.0019433617941416
1266,15-16-53,48.6302255,7.7892699,145.28,5.682060751570719,-0.11758476164709097,4.719999999999999,2.0,-0.11758476164709097,1.0,2.003453562269813
1269,15-16-54,48.6302239,7.7892724,145.34,5.8599726347009335,-0.30131095648552614,4.659999999999997,2.0,-0.30131095648552614,1.0,2.0225697250028793
1272,15-16-54,48.6302223,7.789275,145.42000000000002,6.037884517041061,-0.4923862050060557,4.579999999999984,2.0,-0.4923862050060557,1.0,2.059719440817187
1275,15-16-54,48.6302208,7.7892777,145.5,6.204676907376877,-0.6908105068737005,4.5,2.0,-0.6908105068737005,1.0,2.1159440343277276
1278,15-16-54,48.6302196,7.7892804,145.6,6.338110819329493,-0.8892348119311958,4.400000000000006,2.0,-0.8892348119311958,1.0,2.188775582546166
1281,15-16-54,48.6302187,7.7892831,145.70000000000002,6.438186252898913,-1.0876591184742508,4.299999999999983,2.0,-1.0876591184742508,1.0,2.2766208199874183
1284,15-16-54,48.6302181,7.7892858,145.8,6.504903208875222,-1.2860834247985744,4.199999999999989,2.0,-1.2860834247985744,1.0,2.377816346049802
1287,15-16-54,48.6302179,7.7892885,145.9,6.5271421944640196,-1.4845077275330627,4.099999999999994,2.0,-1.4845077275330627,1.0,2.490735472326473
1290,15-16-55,48.6302181,7.7892918,146.01,6.504903208875222,-1.7270263132916182,3.990000000000009,2.0,-1.7270263132916182,1.0,2.6424647370970984
1293,15-16-55,48.6302184,7.7892941,146.1,6.471544731282111,-1.896054414929391,3.9000000000000057,2.0,-1.896054414929391,1.0,2.7559068098129216
1296,15-16-55,48.6302188,7.7892968,146.20000000000002,6.4270667601045135,-2.0944787058303764,3.799999999999983,2.0,-2.0,1.0,2.8284271247461903
1299,15-16-55,48.6302197,7.7892995,146.3,6.3269913265350946,-2.2929029838635255,3.6999999999999886,2.0,-2.0,1.0,2.8284271247461903
1302,15-16-55,48.6302207,7.7893021,146.4,6.215796399381188,-2.4839782078507406,3.5999999999999943,2.0,-2.0,1.0,2.8284271247461903
1305,15-16-55,48.6302218,7.7893048,146.5,6.09348198022297,-2.682402473358582,3.5,2.0,-2.0,1.0,2.8284271247461903
1308,15-16-55,48.630223,7.7893074,146.6,5.9600480682703525,-2.8734776838808234,3.4000000000000057,2.0,-2.0,1.0,2.8284271247461903
1311,15-16-56,48.6302243,7.7893099,146.70000000000002,5.815494663523337,-3.057203839111614,3.299999999999983,2.0,-2.0,1.0,2.8284271247461903
1314,15-16-56,48.6302257,7.7893125,146.81,5.659821766772008,-3.248279034006348,3.1899999999999977,2.0,-2.0,1.0,2.8284271247461903
1317,15-16-56,48.630227,7.7893149,146.91,5.515268362024991,-3.4246561319795052,3.0900000000000034,2.0,-2.0,1.0,2.8284271247461903
1320,15-16-56,48.6302286,7.789318,147.03,5.337356478894777,-3.6524765463564393,2.969999999999999,2.0,-2.0,1.0,2.8284271247461903
1323,15-16-56,48.6302298,7.7893201,147.11,5.203922566942159,-3.806806496048398,2.8899999999999864,2.0,-2.0,1.0,2.8284271247461903
1326,15-16-56,48.6302313,7.7893227,147.21,5.037130177396431,-3.9978816661039636,2.789999999999992,2.0,-2.0,1.0,2.8284271247461903
1329,15-16-56,48.6302327,7.7893253,147.31,4.881457279855016,-4.1889568346955475,2.6899999999999977,2.0,-2.0,1.0,2.8284271247461903
1332,15-16-57,48.6302342,7.7893279,147.4,4.7146648903092885,-4.380031993645558,2.5999999999999943,2.0,-2.0,1.0,2.8284271247461903
1335,15-16-57,48.6302356,7.7893304,147.5,4.558991992767872,-4.563758104557142,2.5,2.0,-2.0,1.0,2.8284271247461903
1338,15-16-57,48.6302371,7.7893328,147.6,4.392199602432057,-4.7401351589536045,2.4000000000000057,2.0,-2.0,1.0,2.8284271247461903
1341,15-16-57,48.6302387,7.7893352,147.70000000000002,4.21428772009193,-4.916512203169878,2.299999999999983,2.0,-2.0,1.0,2.8284271247461903
1344,15-16-57,48.6302404,7.7893375,147.8,4.025256344957403,-5.085540190273896,2.1999999999999886,2.0,-2.0,1.0,2.8284271247461903
1347,15-16-57,48.630242,7.7893395,147.9,3.8473444618271886,-5.232521037624649,2.0999999999999943,2.0,-2.0,1.0,2.8284271247461903
1350,15-16-57,48.6302441,7.7893416,148.01,3.613835116305152,-5.386850899996263,1.990000000000009,2.0,-2.0,1.0,2.8284271247461903
1353,15-16-58,48.6302456,7.789343,148.1,3.447042725969337,-5.4897374658373685,1.9000000000000057,2.0,-2.0,1.0,2.8284271247461903
1356,15-16-58,48.6302475,7.7893445,148.20000000000002,3.235772365246012,-5.599973052539621,1.799999999999983,2.0,-2.0,1.0,2.8284271247461903
1359,15-16-58,48.6302494,7.7893457,148.3,3.024502005312774,-5.688161497442326,1.6999999999999886,2.0,-2.0,1.0,2.8284271247461903
1362,15-16-58,48.6302514,7.7893468,148.4,2.8021121517950496,-5.769000887563329,1.5999999999999943,2.0,-2.0,1.0,2.8284271247461903
1365,15-16-58,48.6302533,7.7893478,148.5,2.5908417910717243,-5.842491234743149,1.5,2.0,-2.0,1.0,2.8284271247461903
1368,15-16-58,48.6302552,7.7893485,148.59,2.379571430348399,-5.893934442839397,1.4099999999999966,2.0,-2.0,1.0,2.8284271247461903
1371,15-16-59,48.6302569,7.7893491,148.69,2.190540055213872,-5.93802861544438,1.3100000000000023,2.0,-2.0,1.0,2.8284271247461903
1374,15-16-59,48.6302587,7.7893494,148.79,1.9903891872849466,-5.960075645084401,1.210000000000008,1.9903891872849466,-2.0,1.0,2.8216394377845
1377,15-16-59,48.6302606,7.7893496,148.89000000000001,1.7791188265616213,-5.974773623008241,1.1099999999999852,1.7791188265616213,-2.0,1.0,2.676801038371362
1380,15-16-59,48.6302627,7.7893496,149.0,1.5456094802494975,-5.97477349867996,1.0,1.5456094802494975,-2.0,1.0,2.527629060095077
1383,15-16-59,48.6302642,7.7893495,149.08,1.3788170907037698,-5.967424365068899,0.9199999999999875,1.3788170907037698,-2.0,0.9199999999999875,2.429225508185028
1386,15-16-59,48.6302661,7.7893493,149.18,1.1675467299804445,-5.952726163386194,0.8199999999999932,1.1675467299804445,-2.0,0.8199999999999932,2.3158508947443117
1389,15-16-59,48.6302681,7.7893488,149.27,0.94515687646272,-5.915980822940067,0.7299999999999898,0.94515687646272,-2.0,0.7299999999999898,2.212085333147156
1392,15-17-00,48.63027,7.7893481,149.37,0.7338865157393948,-5.864537401010536,0.6299999999999955,0.7338865157393948,-2.0,0.6299999999999955,2.1303965400798295
1395,15-17-00,48.6302718,7.7893472,149.47,0.5337356478104689,-5.798395898340112,0.5300000000000011,0.5337356478104689,-2.0,0.5300000000000011,2.0699936574162883
1398,15-17-00,48.6302736,7.7893461,149.57,0.33358477988154306,-5.717556309853132,0.4300000000000068,0.33358477988154306,-2.0,0.4300000000000068,2.027628862826878
1401,15-17-00,48.6302755,7.7893448,149.69,0.12231441915821789,-5.6220186306999445,0.3100000000000023,0.12231441915821789,-2.0,0.3100000000000023,2.003736713526508
1404,15-17-00,48.6302772,7.7893434,149.78,-0.06671695597630861,-5.519131922238046,0.21999999999999886,-0.06671695597630861,-2.0,0.21999999999999886,2.001112478651499
1407,15-17-00,48.6302787,7.7893419,149.88,-0.23350934552203642,-5.408896184292392,0.12000000000000455,-0.23350934552203642,-2.0,0.12000000000000455,2.013585512076934
1410,15-17-01,48.6303395,7.7892464,153.58,-6.994160885508093,1.6094396069440302,-3.5800000000000125,-2.0,1.6094396069440302,-1.0,2.5671571530391657
1413,15-17-01,48.6303412,7.7892434,153.70000000000002,-7.1831922606426195,1.8299107551163005,-3.700000000000017,-2.0,1.8299107551163005,-1.0,2.710825219686859
1416,15-17-01,48.6303431,7.7892404,153.83,-7.394462621365944,2.050381891862591,-3.8300000000000125,-2.0,2.0,-1.0,2.8284271247461903
1419,15-17-01,48.6303449,7.7892374,153.96,-7.59461348929487,2.2708530224921315,-3.960000000000008,-2.0,2.0,-1.0,2.8284271247461903
1422,15-17-01,48.6303466,7.7892346,154.07,-7.783644865219484,2.4766260701815694,-4.069999999999993,-2.0,2.0,-1.0,2.8284271247461903
1425,15-17-01,48.6303484,7.7892318,154.17000000000002,-7.983795733148411,2.682399108345671,-4.170000000000016,-2.0,2.0,-1.0,2.8284271247461903
1428,15-17-01,48.63035,7.7892289,154.26,-8.161707615488536,2.89552118331964,-4.259999999999991,-2.0,2.0,-1.0,2.8284271247461903
1431,15-17-02,48.6303518,7.789226,154.36,-8.361858483417462,3.108643245440323,-4.360000000000014,-2.0,2.0,-1.0,2.8284271247461903
1434,15-17-02,48.6303533,7.7892233,154.45000000000002,-8.528650873753278,3.307067233264831,-4.450000000000017,-2.0,2.0,-1.0,2.8284271247461903
1437,15-17-02,48.6303549,7.7892205,154.56,-8.706562756093405,3.5128402498521485,-4.560000000000002,-2.0,2.0,-1.0,2.8284271247461903
1440,15-17-02,48.6303567,7.7892173,154.67000000000002,-8.90671362402233,3.7480094047564174,-4.670000000000016,-2.0,2.0,-1.0,2.8284271247461903
1443,15-17-02,48.6303578,7.789215,154.75,-9.02902804318055,3.9170372371293096,-4.75,-2.0,2.0,-1.0,2.8284271247461903
1446,15-17-02,48.6303592,7.789212,154.84,-9.184700940721966,4.1375083188151605,-4.840000000000003,-2.0,2.0,-1.0,2.8284271247461903
1449,15-17-02,48.6303604,7.7892094,154.9,-9.318134852674582,4.328583251887083,-4.900000000000006,-2.0,2.0,-1.0,2.8284271247461903
1452,15-17-03,48.6303614,7.7892066,154.97,-9.429329779038401,4.534356264760495,-4.969999999999999,-2.0,2.0,-1.0,2.8284271247461903
1455,15-17-03,48.6303623,7.789204,155.03,-9.529405213397908,4.72543120299547,-5.030000000000001,-2.0,2.0,-1.0,2.8284271247461903
1458,15-17-03,48.630363,7.7892015,155.07,-9.607241662168615,4.909157109955556,-5.069999999999993,-2.0,2.0,-1.0,2.8284271247461903
1461,15-17-03,48.6303637,7.7891993,155.09,-9.685078110149236,5.070835901753967,-5.090000000000003,-2.0,2.0,-1.0,2.8284271247461903
1464,15-17-03,48.6303643,7.7891975,155.11,-9.751795066125545,5.203118546496834,-5.110000000000014,-2.0,2.0,-1.0,2.8284271247461903
1467,15-17-03,48.6303648,7.7891961,155.11,-9.807392530097541,5.3060050451669785,-5.110000000000014,-2.0,2.0,-1.0,2.8284271247461903
1470,15-17-04,48.6303654,7.7891945,155.08,-9.87410948607385,5.423589612263874,-5.0800000000000125,-2.0,2.0,-1.0,2.8284271247461903
1473,15-17-04,48.6303657,7.7891937,155.04,-9.90746796366696,5.482381895255368,-5.039999999999992,-2.0,2.0,-1.0,2.8284271247461903
1476,15-17-04,48.6303661,7.7891928,155.0,-9.951945934844558,5.548523209791193,-5.0,-2.0,2.0,-1.0,2.8284271247461903
1479,15-17-04,48.6303664,7.7891921,154.93,-9.985304412437669,5.599966454705993,-4.930000000000007,-2.0,2.0,-1.0,2.8284271247461903
1482,15-17-04,48.6303667,7.7891916,154.84,-10.018662890820867,5.63671162469835,-4.840000000000003,-2.0,2.0,-1.0,2.8284271247461903
1485,15-17-04,48.630367,7.789191,154.73,-10.052021368413977,5.680805831726054,-4.72999999999999,-2.0,2.0,-1.0,2.8284271247461903
1488,15-17-04,48.6303672,7.7891907,154.61,-10.074260354002776,5.702852932316119,-4.610000000000014,-2.0,2.0,-1.0,2.8284271247461903
1491,15-17-05,48.6303674,7.7891904,154.48,-10.096499338801488,5.724900032818798,-4.47999999999999,-2.0,2.0,-1.0,2.8284271247461903
1494,15-17-05,48.6303674,7.7891901,154.32,-10.096499338801488,5.746947144623394,-4.319999999999993,-2.0,2.0,-1.0,2.8284271247461903
1497,15-17-05,48.6303674,7.7891899,154.14000000000001,-10.096499338801488,5.761645219138033,-4.140000000000015,-2.0,2.0,-1.0,2.8284271247461903
1500,15-17-05,48.6303672,7.7891898,153.9,-10.074260354002776,5.768994267860985,-3.9000000000000057,-2.0,2.0,-1.0,2.8284271247461903
1503,15-17-05,48.630367,7.7891899,153.73,-10.052021368413977,5.761645241974897,-3.7299999999999898,-2.0,2.0,-1.0,2.8284271247461903
1506,15-17-05,48.6303667,7.7891899,153.51,-10.018662890820867,5.761645259102547,-3.509999999999991,-2.0,2.0,-1.0,2.8284271247461903
1509,15-17-06,48.6303663,7.78919,153.27,-9.97418491964327,5.754296244634625,-3.2700000000000102,-2.0,2.0,-1.0,2.8284271247461903
1512,15-17-06,48.6303657,7.7891902,153.01,-9.90746796366696,5.739598204018724,-3.009999999999991,-2.0,2.0,-1.0,2.8284271247461903
1515,15-17-06,48.6303648,7.7891906,152.74,-9.807392530097541,5.710202105353155,-2.740000000000009,-2.0,2.0,-1.0,2.8284271247461903
1518,15-17-06,48.6303639,7.789191,152.45000000000002,-9.707317095738034,5.680806006228543,-2.450000000000017,-2.0,2.0,-1.0,2.8284271247461903
1521,15-17-06,48.6303628,7.7891914,152.14000000000001,-9.585002676579817,5.651409917714308,-2.140000000000015,-2.0,2.0,-1.0,2.8284271247461903
1524,15-17-06,48.6303618,7.7891918,151.85,-9.473807750215999,5.6220138229883885,-1.8499999999999943,-2.0,2.0,-1.0,2.8284271247461903
1527,15-17-06,48.6303607,7.7891924,151.55,-9.351493330267694,5.577919657731172,-1.5500000000000114,-2.0,2.0,-1.0,2.8284271247461903
1530,15-17-07,48.6303594,7.7891931,151.20000000000002,-9.206939926310763,5.526476464607119,-1.200000000000017,-2.0,2.0,-1.0,2.8284271247461903
1533,15-17-07,48.6303583,7.7891936,150.93,-9.084625506362459,5.489731335212553,-0.9300000000000068,-2.0,2.0,-0.9300000000000068,2.8284271247461903
1536,15-17-07,48.630357,7.7891941,150.63,-8.940072101615442,5.452986215823679,-0.6299999999999955,-2.0,2.0,-0.6299999999999955,2.8284271247461903
1539,15-17-07,48.6303558,7.7891947,150.33,-8.806638189662825,5.4088920519212085,-0.3300000000000125,-2.0,2.0,-0.3300000000000125,2.8284271247461903
1542,15-17-07,48.6303546,7.7891952,150.02,-8.673204277710207,5.372146925257453,-0.020000000000010232,-2.0,2.0,-0.020000000000010232,2.8284271247461903
1545,15-17-07,48.6303533,7.7891958,149.70000000000002,-8.528650873753278,5.328052764689946,0.29999999999998295,-2.0,2.0,0.29999999999998295,2.8284271247461903
1548,15-17-08,48.630352,7.7891963,149.4,-8.384097469006262,5.291307641332556,0.5999999999999943,-2.0,2.0,0.5999999999999943,2.8284271247461903
1551,15-17-08,48.6303506,7.7891967,149.07,-8.228424571464846,5.261911560813864,0.9300000000000068,-2.0,2.0,0.9300000000000068,2.8284271247461903
1554,15-17-08,48.6303493,7.7891972,148.78,-8.08387116671783,5.225166435621369,1.2199999999999989,-2.0,2.0,1.0,2.8284271247461903
1557,15-17-08,48.630348,7.7891977,148.47,-7.939317761970812,5.188421309547466,1.5300000000000011,-2.0,2.0,1.0,2.8284271247461903
1560,15-17-08,48.6303464,7.7891982,148.11,-7.7614058796306855,5.151676197775994,1.8899999999999864,-2.0,2.0,1.0,2.8284271247461903
1563,15-17-08,48.6303454,7.7891985,147.88,-7.650210953266867,5.12962913221313,2.1200000000000045,-2.0,2.0,1.0,2.8284271247461903
1566,15-17-09,48.6303441,7.7891989,147.58,-7.505657548519851,5.100233042475217,2.4199999999999875,-2.0,2.0,1.0,2.8284271247461903
1569,15-17-09,48.6303428,7.7891991,147.27,-7.361104143772834,5.085535030012149,2.7299999999999898,-2.0,2.0,1.0,2.8284271247461903
1572,15-17-09,48.6303415,7.7891994,146.96,-7.216550739025817,5.063487978059646,3.039999999999992,-2.0,2.0,1.0,2.8284271247461903
1575,15-17-09,48.6303401,7.7891996,146.65,-7.060877841484402,5.048789969812681,3.3499999999999943,-2.0,2.0,1.0,2.8284271247461903
1578,15-17-09,48.6303387,7.7891999,146.35,-6.9052049447330734,5.026742921777979,3.6500000000000057,-2.0,2.0,1.0,2.8284271247461903
1581,15-17-09,48.6303372,7.7892001,146.03,-6.738412554397258,5.012044917514623,3.969999999999999,-2.0,2.0,1.0,2.8284271247461903
1584,15-17-09,48.630336,7.7892002,145.74,-6.60497864244464,5.004695937600555,4.259999999999991,-2.0,2.0,1.0,2.8284271247461903
1587,15-17-10,48.6303347,7.7892003,145.42000000000002,-6.460425237697624,4.9973469623983116,4.579999999999984,-2.0,2.0,1.0,2.8284271247461903
1590,15-17-10,48.6303332,7.7892006,145.07,-6.293632848151896,4.975299917400267,4.930000000000007,-2.0,2.0,1.0,2.8284271247461903
1593,15-17-10,48.6303321,7.789201,144.8,-6.17131842820359,4.94590381225356,5.199999999999989,-2.0,2.0,1.0,2.8284271247461903
1596,15-17-10,48.6303309,7.7892012,144.5,-6.0378845162509736,4.931205791233681,5.5,-2.0,2.0,1.0,2.8284271247461903
1599,15-17-10,48.6303297,7.7892014,144.20000000000002,-5.904450604298356,4.916507769864254,5.799999999999983,-2.0,2.0,1.0,2.8284271247461903
1602,15-17-10,48.6303285,7.7892017,143.89000000000001,-5.771016692345738,4.894460708022569,6.109999999999985,-2.0,2.0,1.0,2.8284271247461903
1605,15-17-11,48.6303274,7.7892021,143.59,-5.648702273187522,4.865064600625671,6.409999999999997,-2.0,2.0,1.0,2.8284271247461903
1608,15-17-11,48.6303262,7.7892026,143.3,-5.515268361234903,4.828319457089398,6.699999999999989,-2.0,2.0,1.0,2.8284271247461903
1611,15-17-11,48.630325,7.789203,143.0,-5.3818344492822865,4.798923353122133,7.0,-2.0,2.0,1.0,2.8284271247461903
1614,15-17-11,48.6303238,7.7892034,142.71,-5.24840053732967,4.769527248390505,7.289999999999992,-2.0,2.0,1.0,2.8284271247461903
1617,15-17-11,48.6303226,7.7892038,142.42000000000002,-5.114966625377052,4.74013114295979,7.579999999999984,-2.0,2.0,1.0,2.8284271247461903
1620,15-17-11,48.630276,7.7892135,134.2,0.06671695597630861,4.0272760710344535,15.800000000000011,0.06671695597630861,2.0,1.0,2.001112478651499
1623,15-17-12,48.6302747,7.7892134,134.18,0.2112703607233252,4.034625166887798,15.819999999999993,0.2112703607233252,2.0,1.0,2.011127834156786
1626,15-17-12,48.6302736,7.7892133,134.17000000000002,0.33358477988154306,4.0419742549853765,15.829999999999984,0.33358477988154306,2.0,1.0,2.027628862826878
1629,15-17-12,48.6302724,7.7892133,134.15,0.4670186918341603,4.041974303047623,15.849999999999994,0.4670186918341603,2.0,1.0,2.053802925921202
1632,15-17-12,48.6302712,7.7892134,134.14000000000001,0.6004526037867776,4.034625306814473,15.859999999999985,0.6004526037867776,2.0,1.0,2.0881914015229355
1635,15-17-12,48.63027,7.7892135,134.12,0.7338865157393948,4.027276310471823,15.879999999999995,0.7338865157393948,2.0,1.0,2.1303965400798295
1638,15-17-12,48.6302687,7.7892135,134.11,0.8784399204864114,4.027276362349919,15.889999999999986,0.8784399204864114,2.0,1.0,2.1844122078729034
1641,15-17-13,48.6302675,7.7892136,134.08,1.0118738324390286,4.019927365672556,15.919999999999987,1.0118738324390286,2.0,1.0,2.2414032775863535
1644,15-17-13,48.6302663,7.7892138,134.06,1.145307744391646,4.005229324233472,15.939999999999998,1.145307744391646,2.0,1.0,2.304719034798706
1647,15-17-13,48.6302651,7.789214,134.03,1.278741656344263,3.9905312823795724,15.969999999999999,1.278741656344263,2.0,1.0,2.3738534545481254
1650,15-17-13,48.6302638,7.7892143,134.01,1.4232950610912796,3.9684841993467743,15.990000000000009,1.4232950610912796,2.0,1.0,2.4547441477528427
1653,15-17-13,48.6302629,7.7892145,133.99,1.5233704954507863,3.953786145003707,16.00999999999999,1.5233704954507863,2.0,1.0,2.514091817418364
1656,15-17-13,48.6302618,7.7892148,133.98,1.645684914609004,3.931739053225035,16.02000000000001,1.645684914609004,2.0,1.0,2.590034524513456
1659,15-17-14,48.6302606,7.7892151,133.96,1.7791188265616213,3.909691964839849,16.039999999999992,1.7791188265616213,2.0,1.0,2.676801038371362
1662,15-17-14,48.6302597,7.7892153,133.93,1.8791942601310405,3.8949939094411326,16.069999999999993,1.8791942601310405,2.0,1.0,2.744334357783222
1665,15-17-14,48.6302587,7.7892155,133.88,1.9903891872849466,3.880295857690512,16.120000000000005,1.9903891872849466,2.0,1.0,2.8216394377845
1668,15-17-14,48.6302575,7.7892158,133.86,2.1238230992375637,3.8582487680163826,16.139999999999986,2.0,2.0,1.0,2.8284271247461903
1671,15-17-14,48.6302564,7.789216,133.84,2.246137518395782,3.843550719389807,16.159999999999997,2.0,2.0,1.0,2.8284271247461903
1674,15-17-14,48.6302553,7.7892162,133.81,2.3684519375539996,3.8288526703775427,16.189999999999998,2.0,2.0,1.0,2.8284271247461903
1677,15-17-14,48.6302542,7.7892164,133.78,2.4907663567122174,3.8141546211101356,16.22,2.0,2.0,1.0,2.8284271247461903
1680,15-17-15,48.630253,7.7892169,133.76,2.624200268664835,3.777409438424945,16.24000000000001,2.0,2.0,1.0,2.8284271247461903
1683,15-17-15,48.630252,7.7892171,133.74,2.7353951958187404,3.7627113845333673,16.25999999999999,2.0,2.0,1.0,2.8284271247461903
1686,15-17-15,48.6302508,7.7892173,133.71,2.868829107771358,3.748013337778304,16.289999999999992,2.0,2.0,1.0,2.8284271247461903
1689,15-17-15,48.6302497,7.7892174,133.68,2.9911435269295756,3.7406643327701463,16.319999999999993,2.0,2.0,1.0,2.8284271247461903
1692,15-17-15,48.630249,7.7892175,133.67000000000002,3.0689799757002834,3.733315312804438,16.329999999999984,2.0,2.0,1.0,2.8284271247461903
1695,15-17-15,48.6302483,7.7892176,133.64000000000001,3.146816424470992,3.7259662928020516,16.359999999999985,2.0,2.0,1.0,2.8284271247461903
1698,15-17-16,48.6302479,7.7892177,133.62,3.1912943948585015,3.7186172615781286,16.379999999999995,2.0,2.0,1.0,2.8284271247461903
1701,15-17-16,48.6302475,7.7892178,133.59,3.235772365246012,3.7112682302959485,16.409999999999997,2.0,2.0,1.0,2.8284271247461903
1704,15-17-16,48.6302471,7.7892179,133.57,3.280250336423609,3.703919199020783,16.430000000000007,2.0,2.0,1.0,2.8284271247461903
1707,15-17-16,48.6302469,7.7892179,133.53,3.30248932122232,3.7039192063611974,16.47,2.0,2.0,1.0,2.8284271247461903
1710,15-17-16,48.6302467,7.7892178,133.48,3.3247283068111186,3.7112682597158626,16.52000000000001,2.0,2.0,1.0,2.8284271247461903
1713,15-17-16,48.6302466,7.7892177,133.44,3.3358477996055185,3.7186173094801576,16.560000000000002,2.0,2.0,1.0,2.8284271247461903
1716,15-17-17,48.6302465,7.7892175,133.4,3.3469672923999174,3.7333154052878323,16.599999999999994,2.0,2.0,1.0,2.8284271247461903
1719,15-17-17,48.6302465,7.7892174,133.35,3.3469672923999174,3.7406644513819205,16.650000000000006,2.0,2.0,1.0,2.8284271247461903
1722,15-17-17,48.6302465,7.7892173,133.31,3.3469672923999174,3.748013497476009,16.689999999999998,2.0,2.0,1.0,2.8284271247461903
1725,15-17-17,48.6302464,7.7892173,133.26,3.358086785194317,3.7480135011899085,16.74000000000001,2.0,2.0,1.0,2.8284271247461903
1728,15-17-17,48.6302463,7.7892172,133.23,3.369206277198629,3.7553625509471877,16.77000000000001,2.0,2.0,1.0,2.8284271247461903
1731,15-17-17,48.6302462,7.7892172,133.19,3.380325769993028,3.7553625546683698,16.810000000000002,2.0,2.0,1.0,2.8284271247461903
1734,15-17-18,48.6302461,7.7892171,133.16,3.3914452627874274,3.762711604512769,16.840000000000003,2.0,2.0,1.0,2.8284271247461903
1737,15-17-18,48.630246,7.789217,133.12,3.4025647555818264,3.7700606543717323,16.879999999999995,2.0,2.0,1.0,2.8284271247461903
1740,15-17-18,48.630246,7.7892169,133.1,3.4025647555818264,3.7774097004369587,16.900000000000006,2.0,2.0,1.0,2.8284271247461903
1743,15-17-18,48.6302459,7.7892169,133.08,3.413684248376226,3.7774097041799872,16.919999999999987,2.0,2.0,1.0,2.8284271247461903
1746,15-17-18,48.6302459,7.7892169,133.07,3.413684248376226,3.7774097041799872,16.930000000000007,2.0,2.0,1.0,2.8284271247461903
1749,15-17-18,48.6302458,7.7892168,133.04,3.424803741170626,3.784758754068079,16.960000000000008,2.0,2.0,1.0,2.8284271247461903
1752,15-17-19,48.6302458,7.7892168,133.04,3.424803741170626,3.784758754068079,16.960000000000008,2.0,2.0,1.0,2.8284271247461903
1755,15-17-19,48.6302458,7.7892167,133.02,3.424803741170626,3.792107800213142,16.97999999999999,2.0,2.0,1.0,2.8284271247461903
1758,15-17-19,48.6302458,7.7892168,133.03,3.424803741170626,3.784758754068079,16.97,2.0,2.0,1.0,2.8284271247461903
1761,15-17-19,48.6302458,7.7892168,133.04,3.424803741170626,3.784758754068079,16.960000000000008,2.0,2.0,1.0,2.8284271247461903
1764,15-17-19,48.6302458,7.7892168,133.06,3.424803741170626,3.784758754068079,16.939999999999998,2.0,2.0,1.0,2.8284271247461903
1767,15-17-19,48.6302458,7.7892168,133.07,3.424803741170626,3.784758754068079,16.930000000000007,2.0,2.0,1.0,2.8284271247461903
1770,15-17-20,48.6302459,7.7892168,133.1,3.413684248376226,3.784758750317768,16.900000000000006,2.0,2.0,1.0,2.8284271247461903
1773,15-17-20,48.6302459,7.7892168,133.11,3.413684248376226,3.784758750317768,16.889999999999986,2.0,2.0,1.0,2.8284271247461903
1776,15-17-20,48.6302459,7.7892169,133.14000000000001,3.413684248376226,3.7774097041799872,16.859999999999985,2.0,2.0,1.0,2.8284271247461903
1779,15-17-20,48.6302459,7.7892169,133.15,3.413684248376226,3.7774097041799872,16.849999999999994,2.0,2.0,1.0,2.8284271247461903
1782,15-17-20,48.6302459,7.7892169,133.17000000000002,3.413684248376226,3.7774097041799872,16.829999999999984,2.0,2.0,1.0,2.8284271247461903
1785,15-17-20,48.6302459,7.7892169,133.18,3.413684248376226,3.7774097041799872,16.819999999999993,2.0,2.0,1.0,2.8284271247461903
1788,15-17-21,48.630246,7.7892169,133.2,3.4025647555818264,3.7774097004369587,16.80000000000001,2.0,2.0,1.0,2.8284271247461903
1791,15-17-21,48.630246,7.7892169,133.21,3.4025647555818264,3.7774097004369587,16.789999999999992,2.0,2.0,1.0,2.8284271247461903
1794,15-17-21,48.630246,7.7892168,133.22,3.4025647555818264,3.7847587465674573,16.78,2.0,2.0,1.0,2.8284271247461903
1797,15-17-21,48.630246,7.7892168,133.22,3.4025647555818264,3.7847587465674573,16.78,2.0,2.0,1.0,2.8284271247461903
1800,15-17-21,48.630246,7.7892168,133.23,3.4025647555818264,3.7847587465674573,16.77000000000001,2.0,2.0,1.0,2.8284271247461903
1803,15-17-22,48.630246,7.7892169,133.24,3.4025647555818264,3.7774097004369587,16.75999999999999,2.0,2.0,1.0,2.8284271247461903
1806,15-17-22,48.630246,7.7892169,133.25,3.4025647555818264,3.7774097004369587,16.75,2.0,2.0,1.0,2.8284271247461903
1809,15-17-22,48.630246,7.7892169,133.25,3.4025647555818264,3.7774097004369587,16.75,2.0,2.0,1.0,2.8284271247461903
1812,15-17-22,48.630246,7.789217,133.26,3.4025647555818264,3.7700606543717323,16.74000000000001,2.0,2.0,1.0,2.8284271247461903
1815,15-17-22,48.630246,7.789217,133.26,3.4025647555818264,3.7700606543717323,16.74000000000001,2.0,2.0,1.0,2.8284271247461903
1818,15-17-22,48.630246,7.7892171,133.27,3.4025647555818264,3.762711608241233,16.72999999999999,2.0,2.0,1.0,2.8284271247461903
1821,15-17-22,48.630246,7.7892171,133.27,3.4025647555818264,3.762711608241233,16.72999999999999,2.0,2.0,1.0,2.8284271247461903
1824,15-23-58,,,135.64000000000001,,,,,,,
